1
1000
10000
100002
100006
100011
100024
100026
100027
100028
100035
100042
100060
100062
100067
100074
100075
100086
100090
100092
1001
100102
100103
100111
100124
100143
100149
100158
100173
100185
100188
1002
100206
100231
100233
100238
10024
100259
100268
100272
100298
100299
100300
100303
100305
100307
10031
100312
100316
100319
100322
100332
100346
10035
10036
100380
10039
100395
100397
100398
100399
1004
100405
100409
100410
100412
100413
100418
100439
100446
10046
100473
100475
100488
100490
100493
100494
100496
100497
10050
100501
100503
100505
100509
100510
100514
100517
100519
100528
10053
100537
100542
100558
100561
100563
100564
100565
100566
100569
100570
100571
100572
100573
100576
100577
100579
10058
100580
100583
1006
100605
100616
100624
100633
100640
100655
100684
100693
100716
100728
100734
100742
100744
100753
10079
1008
100801
10081
100810
10082
100828
100830
100835
10084
100840
100849
10085
100850
10086
100867
100872
100876
100880
100884
100905
100907
100909
100918
100919
100922
100925
100926
100934
100937
100955
100970
100979
100981
100993
100994
101001
101002
101009
101019
101025
101028
101036
101037
101039
101046
101050
101053
101055
101057
101064
101065
101066
101067
101071
101072
101073
101075
101077
101078
101081
101083
101084
101085
101098
101099
1011
101102
101108
101117
101123
101129
101173
101178
10118
101180
101181
101183
101184
101187
101191
1012
101202
101203
101204
101205
101210
101218
101222
101226
10123
101231
101232
101233
101234
101236
101242
101247
101257
101262
10128
10129
10130
101308
101332
101335
101355
101373
101376
101378
101381
101387
101388
101390
101391
1014
101409
101410
101411
101421
101429
101439
101447
101465
101466
101472
101476
101477
101483
101485
101486
10149
1015
10151
101514
101515
101522
101532
101536
10154
10155
10157
101574
101592
101594
101601
101605
101608
101609
101615
101618
101626
101632
101633
101660
101661
101663
101694
101698
1017
101729
101735
101738
101739
10174
101747
101748
101757
101762
101768
101780
101786
101787
101795
101797
10180
101801
101809
10181
101819
10182
101824
101825
101826
101832
101834
101838
101843
101844
101846
101870
101875
101883
101895
10190
101912
101916
101925
101928
101930
101934
101938
101941
101946
101956
101959
101960
101970
101971
101982
101986
101994
102
10200
102004
102005
10201
102016
102024
102025
102028
10203
102031
102035
102038
102039
102045
102048
102052
102057
102061
102065
102066
102071
102072
102078
102082
102084
102086
102087
10209
102095
10210
102100
102112
102115
102118
102128
10213
102133
102136
102140
102142
102144
102147
102152
102153
10216
102161
102163
102166
102168
102172
10218
102187
102188
102193
102202
102204
102207
102213
102220
102225
102228
102231
102232
102235
102254
102255
102269
102270
102274
102278
102285
102289
1023
102302
102310
102315
102318
102321
102323
102329
102330
102335
102346
102356
102365
102371
102373
102374
102385
102387
102398
102406
102411
102423
102425
102427
102428
102429
102434
10244
102442
102443
102450
102457
102459
102462
102464
102472
102489
10249
102495
102496
10250
102506
102508
102511
102516
102523
102533
102542
102547
102549
102553
102572
102579
102584
102585
102588
102590
102595
1026
102603
102626
102627
10263
102636
102647
102648
102649
102653
102658
102663
102664
10268
102683
102687
102694
102695
102700
102707
102715
102716
102720
102727
102731
102734
102735
102743
102760
102762
10277
102775
102779
102781
102788
102790
102791
102795
102797
102799
1028
10280
102802
102804
102805
102811
10282
102821
102822
102825
10283
102835
102838
10284
102841
102844
102845
102852
10286
102871
102875
102878
102881
102887
102889
102896
102897
102903
102912
102915
102919
102922
102923
102936
102966
102970
102985
102998
103
1030
103010
103019
103032
103041
103047
10305
103060
103069
103081
103082
103087
1031
10310
103101
103104
103105
103115
103132
103134
10314
103143
103150
103156
103157
10316
103163
103164
103180
103182
10319
103191
103202
103209
103211
103218
103220
103221
103230
103231
103238
103246
103253
103258
103260
103264
103265
103266
10327
103287
10329
103291
1033
103302
103303
103305
103308
103316
103318
103322
103327
103329
103335
10334
103345
10335
103370
103377
103384
103386
103394
103399
103423
103424
103432
103435
103440
103453
103471
103475
103482
103485
103491
103493
103499
1035
103535
103538
103541
103544
103545
103547
103568
103572
103573
103578
103587
1036
103604
103611
103619
10362
103626
103633
103636
103643
103649
103655
103656
103658
10366
103665
103667
103674
103680
103682
103685
103686
103687
103689
103694
103695
103697
103704
103721
103726
103742
103756
103764
103766
103767
103785
103788
103790
103792
103798
10380
103800
103808
103814
103817
10382
103827
103835
103840
10385
103862
10387
103896
103926
103933
103939
103942
103947
103948
103965
103966
10397
103988
103994
104
104007
104021
104026
104027
104029
104030
104037
104038
104046
104048
104063
104065
104071
104073
104077
104079
10408
104083
104085
104093
104098
104119
104122
104127
104130
104134
104140
104146
104167
104169
104178
104183
104190
104196
10420
104210
104211
104219
104220
104227
104236
104237
104240
104246
104258
104266
104268
104269
104288
104290
104294
104325
104330
104332
104344
104359
10436
104362
10437
104370
104374
104378
104387
104389
104396
1044
104400
104402
104412
104414
104415
104419
104420
104421
104423
104429
104435
104441
104449
104467
104469
104471
104474
104478
104484
104491
104492
104497
104498
104507
104518
104521
104523
104532
104534
104541
104543
104544
104549
104550
104555
104563
104569
104570
104576
104578
104583
104588
104597
104599
104605
104606
104609
104611
104614
104617
104618
104619
104638
104651
104659
10466
104660
104661
104671
104673
104679
104684
104685
104689
104692
104696
104698
104699
1047
104710
104712
104713
104714
104719
104728
104731
104737
104743
104744
104746
104752
10476
104762
104763
104765
104767
104775
104781
104800
104822
104828
104832
104838
104839
104842
104847
104849
104850
104855
104862
104877
104888
104889
104891
104892
104898
104907
104912
104917
104934
10494
104969
104970
104971
104976
105
105000
105006
105014
105025
105026
105035
105036
105039
105052
105057
10506
105063
105069
105079
105093
105098
105123
105126
105129
105132
105134
105137
105139
105140
105144
105146
105152
105154
105162
105168
105169
105172
105173
105186
105191
105196
105212
105227
10523
105230
105231
105237
105242
105253
105259
105266
105272
105273
105274
105275
105278
105279
105281
105286
105295
1053
105301
105316
105321
105324
105326
105328
105346
10535
105350
105352
105359
105360
105361
10538
105384
105386
105395
105398
105401
105405
105409
10541
105410
105415
10542
105421
105424
105434
105441
105448
105452
105466
105474
105476
105492
105496
1055
10550
105507
105515
105537
105544
105547
105557
105558
105567
105573
105577
105587
105589
105592
105604
105606
105612
105629
105633
105635
105644
10565
105656
105657
105667
10568
105686
105693
105695
105697
1057
105702
105705
105720
105726
105734
105742
105746
105748
105751
105760
105775
105779
105780
105786
10579
105791
105793
105794
105797
105806
105814
105821
105825
105826
105829
105838
105845
10585
105852
105856
10586
105866
105871
10589
105890
105897
10591
105917
105937
105940
105943
10596
105960
105965
105971
105972
105980
105989
105994
106
10600
106009
106011
106014
10602
106021
106038
10605
106056
10607
106074
106078
106081
106082
106085
10609
10610
106100
106108
106120
106121
106131
106140
106147
106163
106165
106170
106171
106174
106176
106178
106184
106196
106198
106202
106203
106208
106219
10622
106220
106222
106250
106252
106282
106285
106299
10630
106301
106304
106305
10631
10632
106326
10633
106331
106333
10634
106349
106360
106363
106366
10637
106379
106394
106398
106399
1064
106400
106401
106405
106408
106412
106414
106426
106428
106438
106441
106442
106446
106447
106449
106453
106455
106461
106482
106486
10649
106491
106497
106498
106509
106511
106515
106559
106563
106568
106575
106586
106596
106601
106606
106608
106610
106611
106614
106626
106627
106641
106651
106652
106664
106677
106704
106714
106724
106725
106727
106728
106734
10675
106759
106760
106764
106773
106796
1068
106815
106822
106828
106834
106836
106848
106849
106859
106867
106869
10687
106870
106872
106886
106893
106894
106898
106904
106908
106913
106914
106918
106922
106928
106930
106931
106939
106948
106949
106972
106975
106987
106992
106993
107
1070
107008
107024
107027
107035
107037
107038
107043
10705
107068
107069
10707
107074
107079
107083
107086
1071
10710
107101
107105
107108
107113
107130
107144
107154
107156
107159
107160
107166
107171
107173
107191
107194
1072
107201
107206
107209
107242
107244
107258
107272
107281
107284
107289
107298
107301
107311
107312
107317
107320
107325
107339
107341
107363
107382
107427
107436
107471
107475
107487
107491
107492
107494
107496
107498
107500
107502
107515
107517
107519
107532
107533
107542
107543
107547
107554
107561
107563
107566
107578
107580
107581
107587
1076
107622
107628
10763
107637
107644
107663
107670
107673
107676
107687
107690
107691
1077
10770
107701
107707
107723
107727
10774
107746
10775
107751
107763
107771
107784
107788
1078
107802
107808
107814
107815
107817
107819
107823
107824
107835
10784
107841
107849
107856
107862
107864
107867
10787
107873
107875
10788
107885
107888
107892
107893
107895
107897
1079
107904
107905
107914
107915
107922
107923
107926
107927
107940
107969
107980
108009
108011
108012
108015
108036
10804
108041
108047
108055
108064
108065
108066
108069
108076
10808
108099
1081
108109
108113
108140
108145
108147
108153
108161
108169
108175
108184
108186
108187
10819
108191
108194
1082
10820
108201
108214
108221
108224
10823
108236
10824
108242
10825
108250
108252
108254
108256
108260
10827
108271
108287
10829
1083
108300
108302
108303
108309
108311
108315
108321
108324
108330
108339
108351
108377
1084
108403
108409
10842
108422
108433
108435
108440
108449
108450
108452
108453
108461
108473
108475
108476
108478
108479
108481
108490
108491
108494
108498
108511
108515
108516
108526
108533
108567
108579
10858
108580
108582
108584
108598
108606
108618
108622
108629
108636
108641
108669
10867
108717
108722
108724
108727
108732
108738
108740
108746
108749
108750
108754
108756
108757
108758
108761
108766
108767
108770
108778
108786
108810
108811
108813
108816
108818
108824
108830
108834
108849
108856
10886
108860
108863
108872
108874
108878
108891
108896
1089
108910
108919
10892
108920
108922
108926
108936
108941
108942
108943
108946
108957
108982
108988
109001
109011
109019
10902
109022
109023
109025
109033
109034
109037
109044
109045
109052
109053
109054
109057
109060
109067
109068
109084
109085
109086
109093
109094
109106
109118
109121
109130
109135
109136
109146
109150
109154
109162
109167
109168
109169
109170
109172
109181
109189
109194
1092
109227
10923
109236
109244
109253
109257
109264
109265
109266
109268
109269
109275
109287
109299
1093
109300
109302
109315
109327
109331
109334
109335
109339
109340
109341
109344
109349
10935
109350
109353
109367
109375
109385
109393
109399
1094
109401
109406
109415
109423
109428
109432
109449
109453
109455
109458
109473
109485
109491
1095
10952
109537
10954
109551
109558
109561
109570
109572
109573
109581
109584
109590
109592
109596
109597
1096
10961
109613
109624
109636
10964
109640
109643
109647
109652
109656
10966
109661
109666
109668
109679
109684
109695
109698
109699
1097
109701
109707
109711
109717
10973
109740
109746
109752
109758
10976
109772
109775
109783
109794
1098
109802
109804
109806
109809
109817
10982
109830
109831
109834
109839
109847
109848
109861
109864
109868
109871
109873
109874
109876
109881
109885
10989
10990
109906
109908
109910
109929
109933
109948
109955
109962
109963
109965
109968
109975
109976
109977
109978
109983
109984
109985
109993
11
1100
110002
110003
110004
110008
110009
110023
110027
110030
110044
110050
110051
110067
110079
110083
110086
110090
110094
110095
110096
110097
1101
110105
110109
110110
110119
110134
110140
110143
110166
110171
110176
110181
110183
110187
110189
110195
110198
110203
110205
110219
11022
110223
110226
110228
110236
110241
110246
110247
110248
110249
110252
11026
110275
11028
110287
110290
110295
110298
1103
11030
110304
110316
110317
110321
110327
110334
11034
110343
110344
110353
11036
11037
110377
110380
110383
110389
11039
110394
110395
110399
110400
110405
110406
11041
110427
110429
110431
110432
110437
110441
110449
110459
110460
110464
110466
11047
110470
110471
110473
110477
110480
110487
110494
110498
110500
110502
110503
110506
110513
110517
110518
110542
110558
11056
110578
11058
11059
110594
110597
11060
110604
110608
110626
110632
110638
110640
110642
110648
110654
110655
110656
110658
110662
110663
110665
110668
110673
110674
110675
110677
110678
110696
11070
110700
110707
110711
110712
110714
110715
110717
110718
110731
110734
110739
110745
110761
110762
110765
110766
110768
110775
110786
110788
110791
110797
1108
11081
110810
110813
110816
110823
110824
110828
110847
110855
110869
110870
110871
110872
110878
110880
110889
11089
110892
110901
110903
110916
11092
110920
110924
110926
110928
110931
110932
110933
110936
110937
110943
110945
110946
110947
110950
110951
110961
110973
110974
110977
110984
110985
11099
110994
110997
111005
111016
111019
111024
111026
111027
111029
111041
111049
111051
111059
111060
111062
111064
111070
111077
111085
111086
111089
111095
1111
11110
111116
111119
111121
111129
111133
111134
111138
11114
111140
111147
111149
11115
111152
111153
111155
111158
111159
111165
111172
111174
111177
111185
111187
111194
111196
1112
111200
111215
111219
111222
111223
111226
111227
111231
111233
111239
111243
111245
111247
111248
111249
111250
111252
111258
111262
111264
111277
111284
111291
111292
111293
111294
1113
111302
111303
111308
111311
111322
111325
111330
111332
111333
111336
111339
111342
111345
111347
111349
11135
111357
111359
11136
111360
111363
111365
111366
111367
111369
111374
11138
111388
111408
11141
111425
111428
111430
111431
111438
111439
111445
111446
111453
111468
111469
111473
111476
111479
111488
111489
111495
111501
111505
111506
111517
111520
111521
111522
111524
111538
111540
111546
111548
111560
111575
111583
111592
111607
111619
111623
111636
111643
111645
111647
111649
111671
111674
111692
111694
111699
111710
111714
111716
111717
111723
111726
111727
111729
111737
111744
111745
111748
111753
111768
111777
111783
111789
111798
111801
111807
111815
111825
111835
111845
111852
111862
111872
111888
111899
111928
111931
111937
111945
111953
111973
111980
111983
111984
111986
111992
112
112009
112011
112012
112015
112028
112029
112032
112033
112038
112041
112047
112069
112074
112076
112079
112090
112094
112108
112113
112117
112123
112134
112136
112137
112140
112142
112153
112162
11217
112176
11218
112183
112201
112202
11221
112212
112213
112216
112219
112220
112221
112242
112273
112277
112287
112296
112298
112299
1123
112301
112302
112307
112310
112311
112314
112320
112326
112330
112341
112344
112346
112349
112350
112352
112355
112356
112358
112359
112361
112367
11237
112372
112383
112384
112393
112397
112399
1124
112402
112413
112414
112417
112421
112425
112434
112439
112445
112449
11245
112454
112455
112459
112460
112462
112463
112466
11247
112470
112479
11248
112493
112497
112502
112511
112518
11252
112529
112552
112564
112567
112568
112569
11257
112572
112577
112583
112584
112586
112594
112595
112608
112619
112624
112633
112645
112651
11266
112666
11267
112674
112686
112694
1127
112711
112722
112725
11273
112735
112743
112747
112750
11276
112765
112768
112769
11277
112773
112778
112784
112791
112798
112799
112800
112809
112810
112811
112812
112814
112823
112842
112845
112855
112859
112861
112868
112869
112873
112876
112883
112887
112890
112894
112912
112914
11292
112921
112922
112927
112928
112931
112939
112946
112947
112953
112956
112964
112970
112985
112991
112999
11300
113001
113002
113004
113008
113015
113018
113019
113031
113039
11304
113041
113044
113045
113059
113062
113069
113073
113076
113077
113083
113096
113105
113109
113128
113146
113149
113157
113158
113166
113169
11318
113192
113201
113207
113209
11321
113210
113215
113222
113225
11323
113234
113250
113253
113263
113266
113268
113272
113284
113285
11329
113297
113301
113302
113317
11333
113332
113336
113337
113338
113354
113363
113364
113365
113369
11337
113374
113375
11338
113380
113388
113389
113391
113395
113396
113401
113403
113405
113415
113419
113421
113423
11343
113431
113433
113436
113443
113446
113452
113463
113465
113480
113481
113482
113488
113489
113493
113495
113503
113507
113508
113515
11352
113523
113524
11353
113534
113537
113540
113541
113543
113547
113549
113558
11356
113560
113566
113568
113572
113579
113584
113585
113587
113588
113589
113590
113601
113603
113611
113629
11364
113643
113650
113657
113661
113666
11367
11368
113681
113684
113705
113706
113712
113716
113721
113728
113729
113739
113742
113750
113761
11377
113781
113782
113784
113789
11379
113792
113795
113796
113799
113805
113817
11382
113823
113825
113826
113833
113834
113835
113836
113839
11384
113840
113842
11385
113851
113852
113855
113858
113862
113868
11387
113873
113874
113894
113902
113903
113907
113908
11391
113914
113920
113923
113927
113934
113940
113941
113942
113944
113946
113948
113952
113962
113964
113966
113967
113985
113991
113992
114
1140
114005
114029
114030
114034
114036
114039
114045
114050
114054
114059
114063
114071
114077
114085
114091
114093
114104
114106
114108
114114
114115
114116
114124
114126
114127
114142
114144
114145
114147
114161
114163
114164
114165
114166
114170
114178
114183
114193
114194
114195
114197
1142
114206
114209
114213
114216
114217
114219
114220
114225
114242
11425
114253
114263
114275
114282
114283
114287
114288
114307
114308
114320
114327
11433
114330
114334
114337
114342
114343
11435
114352
114377
114381
114397
1144
114405
114425
114430
114434
11444
114453
114456
114457
114459
114462
114467
114471
114473
114480
114491
114492
114496
114506
114517
114540
114547
114548
11455
114561
114564
114565
114567
114573
114584
114587
114591
1146
114604
114606
114611
114615
114616
114619
114622
114635
114638
114639
11464
114640
114641
114642
11465
114666
114668
11467
114671
11468
114684
114690
114691
114693
114694
114696
114697
114699
1147
114703
114704
114707
114708
114713
114716
114717
114719
114722
114723
114725
114737
114738
114744
114753
114754
114758
114764
114769
114770
114772
114773
114781
114782
114786
114787
114790
114794
114795
114798
114801
114804
114807
114808
114812
114813
114820
114821
114824
114825
114827
114828
114831
114832
114841
114842
114843
114847
114851
114855
114859
114862
114866
114867
114872
114873
114875
114880
114881
114882
114885
114886
11489
114893
114895
114897
114899
114901
114903
114906
114909
114920
114932
114935
11494
114943
114946
114949
114952
114953
114957
114960
114962
114964
114965
114967
114968
114970
114972
114977
114978
114980
114986
114996
115
115006
115009
115013
115016
115020
115032
115033
115038
115046
115060
115062
115077
115080
115086
11510
115102
115107
115109
115114
115118
11512
115122
115125
115127
115132
115135
115148
115150
115151
115156
115158
115160
115161
115163
115165
115166
11517
115172
115182
115186
115187
115191
115200
115205
115211
115217
115223
115228
115230
115238
115253
115259
115278
115296
115308
11531
115313
115316
115318
11533
115330
115333
115336
115341
11535
115352
115354
115362
11547
115479
115496
1155
11551
115526
115532
115533
115535
115536
115552
115553
115565
115566
115576
115583
115588
115589
115595
1156
115601
115602
115604
115607
115617
11562
115624
115629
115635
115637
115638
115640
115648
115655
115659
115665
115668
115671
115676
115678
11568
115695
1157
115702
115712
115721
115722
115723
115725
115727
115735
115743
115757
115758
115761
115765
115766
115767
115770
115781
115784
115792
115797
1158
115802
115807
115808
115813
115821
115823
11583
11584
11585
115859
115861
115870
115874
115882
115885
115889
11589
115892
115907
115909
11592
115920
11593
115954
115956
1160
11604
11606
11608
11609
1161
11610
11616
11620
11623
11626
11627
11632
11636
11639
11641
11643
11644
11646
11647
11649
11650
11653
11656
11660
11667
1167
11671
1168
11683
11692
11696
11697
11714
11715
11721
11727
1173
11733
11736
11738
11748
1175
11750
11751
1177
11771
11772
11777
11778
11780
11786
11787
11790
11791
11793
11797
11798
1180
1181
11810
11813
11824
11832
11834
11837
11840
11856
11860
11864
1187
11871
11876
11885
1189
11900
11921
11926
11929
1194
11942
11944
1195
11950
11953
1196
11960
11961
11964
11965
11987
11989
11993
120
1200
1201
12012
12018
1202
12023
12026
1203
12032
12034
12053
12054
12056
1208
12081
12082
12103
1211
12110
12117
12119
1212
12126
12127
12131
12137
1214
12147
12149
12152
12157
1216
12165
12167
12168
1217
12177
12178
1218
12181
12196
122
12201
12206
1221
12217
12221
12224
12228
12237
12252
12262
12264
12268
12270
12274
12279
12287
12294
12298
12305
12307
12317
1232
12322
12326
12328
12338
12339
12343
12345
12346
12348
12357
12358
12367
12372
12377
1238
12383
12384
12389
1239
124
1240
12409
1241
12410
12415
12418
12428
12436
12438
12440
1245
12450
12453
12456
12458
1247
12477
1248
1249
1250
12503
12512
12519
1252
12522
12533
12540
12541
1255
1256
1257
12577
12579
1258
12580
1259
12590
12596
126
12617
12625
1263
12652
12661
12690
12691
12693
12719
12723
12732
12733
12738
1274
12740
12741
12746
12749
1275
1276
1277
12778
1280
12805
1281
12814
12815
1282
1283
12838
1284
12850
128570
12887
12892
12894
129
12902
12915
1292
12920
12936
1294
12943
12947
1296
12962
1297
12971
1298
12984
1300
13002
13014
13018
13019
1302
13028
13031
13036
13039
13041
1305
13050
130537
1306
13064
13065
1307
13073
13076
13078
1308
13081
13082
13083
13085
13092
13099
13113
13118
1312
1313
13136
13139
1314
13147
1315
13157
1316
13161
13162
13163
13171
13176
13177
13178
13179
13180
13182
13183
1319
132
1320
13200
13216
13218
1322
13222
13223
1323
13230
13236
13250
13257
13258
13261
13286
13297
13319
13320
13323
13324
1334
13344
1336
13374
13377
13384
13388
1339
13390
13392
13403
13407
1341
13412
13417
13434
13439
13440
13445
13447
13461
13464
13472
13475
1349
135
13506
13507
1356
13571
1358
13596
13597
1360
13608
13609
1361
13611
13612
13614
13615
13621
13622
13631
13638
13657
1366
13668
13670
13674
13678
1369
137
13707
1371
13712
13713
13716
13723
13728
13733
13753
13757
13767
1378
13788
13798
13808
1381
13811
13815
13816
1383
13840
13862
13867
13868
13869
13873
13875
13876
1388
13881
13889
1389
13891
13894
13898
13899
13907
13916
13917
13918
1392
13921
13925
13928
1393
13939
1394
13957
13958
1396
13965
13973
13986
13989
14
14004
1401
14013
14015
1403
14043
14044
14046
14049
14056
14057
14060
14069
14075
14078
14079
14094
14099
141
14107
14108
14109
14110
14111
14112
14114
14115
14123
14127
14128
14132
14135
14149
1415
14166
14168
14170
14172
14173
14179
14182
14183
14189
14193
1420
14200
14202
14205
14209
14217
14218
14231
14239
1425
14261
14268
14283
14284
14293
14303
14309
14310
14314
1432
14324
14325
14326
14328
14336
14339
14341
14349
14359
14373
14374
14375
14381
14388
1439
14394
14400
14403
14404
1441
14412
14413
14433
14448
14453
14457
14458
14460
14463
14496
14499
14514
14526
14529
1453
14555
14562
14582
1459
14592
146
14602
1461
14610
14616
1462
14622
14634
14635
14637
1464
14640
14641
14643
14645
14649
1465
14650
14657
14658
14680
147
14702
14709
14713
14715
14718
14726
14730
14731
14738
14746
14748
14754
14770
14774
14776
14784
14785
14789
14790
148
14805
1481
14810
14816
1482
14835
1484
14840
14846
14849
1485
14854
14857
14858
1487
14872
14884
14895
14898
149
1490
1491
14911
14913
14914
14919
1492
14920
14930
14935
1494
14940
14944
1496
14963
14967
14979
1498
14984
1499
14990
15
1500
15000
15001
15003
15006
1501
15015
15016
15017
15020
15034
15035
15039
15042
15069
15086
15089
15094
15096
15101
15107
1511
15111
15117
15119
15124
15135
15146
1515
15152
1516
15165
15171
15174
15175
1518
15182
15190
152
15212
15214
15216
1522
15220
15222
15229
1523
15233
15235
15236
15237
1524
15240
15241
15242
15254
15256
15263
1527
15271
15281
15290
15291
153
15303
15306
1531
15313
15315
1532
15328
15329
1533
15332
15334
15346
15354
15372
15375
15384
15389
15410
15419
1542
1546
15483
15492
15500
15502
1551
15514
15538
1554
15547
15551
15554
15568
15570
15582
15585
15586
15588
15593
15594
15598
1560
15607
15617
1562
15623
15625
15628
15633
15634
15635
15638
15641
15648
15650
15652
15654
15659
15661
15664
1567
15672
15674
15675
15679
15680
15683
15688
1569
15694
15695
15697
157
15700
15701
15721
15753
15760
15762
15766
15775
15778
1579
15795
1580
15805
15810
15817
1582
15821
1583
1584
15843
1585
15860
1587
1588
15885
15890
1590
1591
1592
15927
1594
15940
1595
15950
1596
15964
15966
15974
15982
15991
15997
16005
16023
16024
16041
16042
16052
16053
16065
16066
16067
16068
16079
1608
16082
16083
16096
161
1610
16108
1611
16113
16114
16123
16125
16129
16131
16139
1615
1616
16164
16173
16176
16177
16178
16186
16190
162
1620
16200
16206
1621
16214
16224
16226
16233
16235
16236
16239
16242
1625
16258
16261
16270
16274
1628
16284
16287
16288
16292
16295
16299
163
16300
16303
16314
16316
16318
1632
16320
16321
16323
16328
16329
16331
16332
16338
16345
16357
16359
1636
16361
16362
16369
1637
1638
16390
16394
16403
16406
16411
16415
1642
16424
16426
16433
16437
1644
16442
16445
16458
1646
16466
16467
16468
1647
16479
16485
16486
16487
16491
16492
16494
1650
16506
16513
16515
16527
1653
16530
16531
16537
16539
16543
1655
16550
16551
16553
16556
16558
16576
16580
16589
16592
16595
16597
16598
166
1660
16600
16602
16605
16609
1661
16612
16617
16623
16631
16638
16639
1664
1665
16653
16656
1666
16667
16668
1667
16671
16678
16679
16686
16693
16700
16712
16722
16726
16727
16728
16730
16735
16738
16740
16747
1675
16750
16756
16757
16759
1676
16780
1679
16790
16796
16797
16798
16802
16805
16808
16809
16810
16820
16821
16823
16824
16825
16827
16829
16830
16834
16840
16841
16843
16844
16845
16847
16854
1686
16861
16866
1687
16873
16891
16901
16905
16909
1691
16915
16917
1692
16920
16926
16929
16933
16936
1694
16940
16942
16946
16953
16958
1696
16972
16982
1700
17000
17005
1701
17011
17016
1702
17029
17032
17033
17034
17037
17053
17060
17065
17073
17076
17078
17086
17090
171
17105
17106
1711
1712
17129
17138
17139
17146
17147
17148
17149
1715
17151
17153
17156
17157
17162
17163
17164
17166
17189
172
1720
17209
1721
17213
17214
17222
17228
1723
17232
17233
17234
17289
17290
17293
17295
17296
173
17303
17305
17306
17308
17311
17313
17315
17317
17318
17319
1732
17320
17323
17325
17331
17334
17336
1735
17355
17357
17358
17359
17361
17362
1737
17371
17372
17373
17378
17380
17383
17385
17388
17397
17402
1741
17413
17420
17422
17423
17424
17426
1743
17431
17437
17439
17443
17445
17447
17449
17450
17451
17455
17457
17464
17465
1747
17470
17474
17475
17478
17482
17486
17490
17491
17494
17498
17500
17503
17504
1751
17523
17531
1754
1755
17552
17564
17565
17577
1758
17583
17584
17585
1759
17596
17597
1760
17601
17602
17603
1761
17615
17617
17618
17621
17633
1765
17660
17662
1768
17681
17687
1769
17690
17692
17698
17703
17705
17707
17710
17723
17724
17733
17736
17737
17741
17743
17751
17752
17754
17758
17759
1776
17763
17765
17767
17770
17772
17774
17776
17778
17783
17784
1779
17793
178
17800
17801
17802
17804
17805
17808
17821
17830
17835
17841
17847
17858
17860
17872
17881
17889
17891
179
17911
17915
17918
1792
17921
17923
17927
17928
1793
17932
17948
17963
17964
17966
17967
17968
1797
17977
17979
17995
17996
17999
180
18001
18002
18004
18006
18007
18017
18026
18029
1803
18030
18031
18033
18035
18037
1804
18041
18042
18045
18049
1808
181
1814
18191
18193
1820
18238
18247
1825
18250
1826
18261
18266
18273
18274
1828
18282
18285
18297
18300
18310
18311
18314
18320
18322
18326
1833
18332
18334
18338
18341
18348
18350
18359
18361
18363
18383
1839
18397
18399
18400
18403
18405
18406
18407
18408
1841
18410
18412
1842
18435
18454
18456
18457
18476
18479
18487
18498
1850
18504
18510
18511
18514
18516
18519
18531
18533
18540
18542
18545
18552
18564
1857
18573
18575
18579
18580
18597
1860
18601
18602
18605
18607
1861
18613
18619
18622
18625
18631
1864
18642
18644
18646
1865
18652
18654
18660
18661
18662
18666
18676
18680
18684
18691
18693
18697
18699
18707
18708
1872
1877
1880
1881
18891
18893
18896
18897
18898
1890
18919
1892
18931
18934
1894
18950
18951
18952
18955
18959
1896
18967
18975
18976
18977
18980
18992
18994
18997
18998
19000
19004
1901
19013
19015
19025
19026
19027
19029
19031
1905
1906
19063
19067
19069
1907
19075
19087
1909
19091
19093
19097
19099
19100
19102
1911
19110
19112
19119
1912
19120
19125
19130
19133
19135
19137
19141
19142
19155
19157
19175
19176
19179
19189
19193
192
19203
19206
19207
19209
19219
19227
19229
19239
19241
19242
19244
19248
19255
19266
1927
19272
19273
19275
19277
19278
19280
19281
19282
19284
19285
19287
19291
19293
19299
1930
19310
19314
19318
1932
19324
19325
19327
19331
19348
1935
19355
19359
19366
19387
1939
19397
1941
19420
19447
19454
19461
19463
19471
19476
19490
19492
19493
19497
19498
195
19500
19505
19506
19507
19508
19514
19517
19518
19519
19520
19521
19522
19523
19526
19540
19549
19551
19552
19571
19574
196
19601
19608
1963
19631
19643
19644
19646
1965
19654
1966
19662
19674
19676
19684
19685
19703
19708
1972
19723
19729
19731
19737
19743
19748
19749
1975
19758
19760
19763
19768
19769
19771
19772
19781
19783
19787
1979
19791
19804
19805
19809
19814
19815
19816
19845
19847
19850
19861
19862
19865
19867
19869
1987
19898
19910
19913
19925
19939
1994
19940
19943
19946
19947
19954
19957
19958
19963
19968
19973
1998
19987
19988
1999
19994
19997
19998
20
200
20000
20005
20006
20007
20012
20017
20025
20027
20028
20031
20038
20039
20049
2005
20055
20059
20062
20064
20066
20074
20078
2008
20088
20089
20090
20091
20100
2011
20112
20113
20114
20117
20121
2013
20132
20138
20139
20142
20153
20158
20159
20160
20165
2018
20194
20201
20203
20205
20209
2021
20214
2022
20227
20240
20249
20254
20257
20268
20269
20274
20276
20279
20285
2030
20302
20303
2031
20314
20318
20327
20331
20332
20339
20341
20344
20348
20355
20359
20361
20362
2038
20386
20389
2039
20391
20396
20409
20412
20419
20420
20422
20423
20425
20450
20455
20465
20469
20470
20472
20474
20479
20480
20483
20485
20486
20490
20493
20496
20497
20498
205
2050
20510
20516
20517
20525
20527
20537
20552
20554
20559
2056
20562
20566
2058
20593
20600
20602
2061
2062
20621
20626
20635
20645
20650
20651
20652
20654
20655
20658
20660
20675
20677
20690
20704
20706
20713
20715
2072
20724
20729
20731
20732
20735
20739
2075
20762
20766
20768
20772
20774
20782
20787
20791
20792
20793
20799
20801
20804
20807
20811
20814
20829
20837
20840
20844
20845
20847
2085
20857
20875
20877
2088
20882
20889
20890
20896
20898
209
20901
20906
20907
20909
20910
20911
20913
20914
20917
20918
20933
20938
20939
20940
20943
20949
20972
20973
20994
21
2100
21016
21019
21020
21021
21036
21060
21064
21077
21082
21094
21096
21099
21100
21117
21126
21127
21135
21141
21143
21161
21163
2117
2118
21181
2119
21197
21208
21209
2121
21230
21240
21258
21259
2126
21265
21268
2127
2129
21306
21307
21309
21313
2134
2137
2138
21382
21417
2142
21426
2143
21435
21437
2146
21479
21484
21489
21490
21506
21510
21519
2153
2154
21541
21542
21543
21544
21555
21568
21569
21572
21577
21586
21597
2161
21615
2162
21624
21629
21634
21643
2165
21651
21656
21657
21666
21669
21676
2168
21687
21689
2169
21693
21697
21698
217
21701
2171
2172
2178
218
2180
2182
21841
21847
21851
21855
21857
21863
21868
21870
21879
21885
21886
21887
21890
21895
21898
219
2190
21902
21906
21909
21912
21914
21918
21921
21934
22
220
2200
22014
2202
2203
22045
22046
22053
22054
22057
22058
22063
22064
22066
22068
2207
22073
22075
22076
22079
22081
22085
22088
22090
22091
22095
22096
221
22110
22113
2212
22125
22126
22136
22137
22139
22146
22152
22158
22159
22175
22179
22180
22185
22206
22208
22209
22210
22216
22228
22229
22236
22238
22241
22246
22248
2225
22279
22298
2230
22304
22307
22320
22322
22324
22329
22357
2237
22373
22380
22381
22382
22383
22386
22395
22396
224
22401
22403
22406
22417
22418
22421
22431
22443
22445
2245
22458
22459
2246
22463
22465
22470
22471
22475
22477
22486
2249
22514
22526
22532
22538
22540
22550
22557
22559
22561
22592
22593
22601
22603
22604
22605
22610
22630
22633
22645
22646
22653
22665
22668
22669
2267
22671
22672
22680
22686
22689
22694
227
22700
22701
22721
22726
22735
22736
22740
22757
22770
22775
22778
22779
22784
2279
22797
2280
22814
2282
22823
22828
22830
22847
2285
22858
22872
22880
22885
22909
22911
22935
22939
22941
22942
22949
22953
2296
22967
22968
22991
22992
22994
23002
23006
23008
23014
23027
23031
23043
23048
23049
2305
23052
23057
23058
23060
23062
23066
23078
23082
23090
23092
23096
23128
23131
2315
23150
23167
23171
23172
23180
23185
23193
23199
23202
23204
23210
23212
23213
23214
23231
23238
23257
2326
23263
23264
23265
23271
23277
23278
23280
23286
23288
23293
23298
2330
23304
23314
23319
23339
2334
2335
23365
23366
23367
23370
23387
2339
23390
23392
2340
23412
23430
23432
23436
23437
23442
23447
23453
2349
23491
2350
23544
23547
2356
23562
23568
23569
2358
23590
23597
23602
23607
23621
23628
23637
23649
23658
23659
23666
2367
23670
23675
2368
23680
23681
23698
23700
23705
23712
23724
23725
23726
23727
23739
23741
23742
23751
23756
23757
23767
23773
23788
2379
23791
23798
2380
23800
23818
23824
2384
23847
23863
23865
2389
23892
23894
23905
23908
23912
23924
23929
23930
23946
23953
23959
2396
23970
23972
23973
23976
23977
23982
2399
23990
23992
24001
24009
24015
24016
24017
24018
24022
24029
24030
2405
24063
24068
24071
24075
24078
24079
24083
24085
24087
24088
24089
24090
24093
2410
24104
24107
24117
24121
24130
24138
24140
24142
24143
24145
24159
2417
24178
24182
242
24203
24207
24208
24209
24223
2424
24240
24242
24271
24274
24275
24277
24282
24283
24292
24303
24304
24305
24308
24310
24327
24328
24333
24334
24348
24349
24378
24389
24391
24395
24401
24403
24413
24418
24421
2443
2445
24478
24480
2451
24516
24525
24526
24530
24542
24551
24554
24577
24592
24599
24607
24609
24614
24618
24619
24623
24632
2464
24664
24673
2468
24694
24700
24706
24711
24713
24717
24718
24723
24724
24725
24729
2475
24750
24765
24768
24792
24794
24798
24803
24807
24817
24832
24833
24835
24837
24848
24867
24868
249
24925
24929
24933
24940
24950
24970
24971
24975
24994
24999
25
25000
25009
2501
25022
25034
25036
25042
25046
25049
25052
25060
25071
25082
25083
25096
25097
25098
25099
2510
25101
25106
25110
25113
25115
25118
25127
25128
25130
25138
25139
25141
25143
25145
25148
2515
25152
25154
25159
25165
25168
25175
25198
25202
25203
25214
25220
25221
25225
25227
25231
25233
25237
25241
25243
25245
25248
25255
25275
25279
25291
25298
25304
25305
25307
25314
25319
25332
25336
25339
25340
25342
25345
25348
25351
25352
25371
25372
25375
25407
25415
25417
25422
25423
25449
2545
25454
2546
25462
25464
25467
25470
25478
25481
2549
25490
255
25501
25512
2552
25523
25524
25528
25539
25552
25564
25573
25574
2558
25582
25584
25585
25586
25589
2560
25600
25608
25618
2562
25620
25623
25637
25648
25658
2566
25661
25665
25671
25681
25686
25690
25698
2570
25707
25715
2572
25727
25749
25751
25752
25761
25763
25765
2577
25775
25778
25783
25791
25798
25808
25809
25815
25816
25819
25822
25824
25832
25845
25846
25849
25867
25868
25889
25894
25898
25899
2590
25901
2591
25913
25915
25916
25922
25925
25927
25932
25939
25948
25956
25969
25973
25980
25988
25990
25991
25997
26009
26010
26012
26013
26018
26019
2602
26022
26023
26025
26026
26029
26032
26038
2604
26044
2605
26050
26061
26062
2607
26084
26085
26086
26107
2611
26112
26113
26114
26118
26119
2614
26144
26145
26151
26152
26163
26169
2617
26178
26179
2618
26181
2619
26190
26199
26204
26206
26208
26210
26223
26228
26231
26243
26245
26249
26254
26255
26274
26276
26279
2628
26282
26302
26304
26315
26325
26374
26376
26381
26388
26396
26398
26400
26402
26424
26430
26433
26436
26440
26468
26470
26479
26481
26487
26488
26489
26492
26493
265
26502
26508
26522
26525
26536
26538
2654
26552
26558
26560
26564
26565
26572
26580
26582
26583
26584
26593
26599
2660
26601
26602
26604
26613
26631
26633
26635
26644
26647
26649
26650
26655
26656
2666
26660
26666
26674
26680
26682
2670
26708
2671
26723
26725
26727
26734
26742
26745
26746
26747
26750
26759
26770
26775
26777
26782
26784
26786
26787
26788
26790
268
26801
26802
26803
26810
26812
26815
26816
26820
26821
26823
26832
26836
26846
26847
2685
26852
26859
26870
2689
2690
26908
26910
26913
26917
26918
2693
26933
26935
26944
26967
26971
26972
26984
26985
26991
26997
27004
2701
27016
27018
27019
27021
27049
27061
27066
27074
27079
2708
27082
27089
2709
27090
27092
27094
27100
27110
27113
27117
27118
27123
2713
27140
27143
27144
27146
27153
27154
27164
27168
27173
27175
27182
27186
27187
2719
27192
27194
272
27201
27207
2721
27218
27220
27221
27228
2723
2726
27271
27291
27292
27296
27301
27310
27313
27321
27336
27343
27345
27353
27364
27366
27377
27384
27398
27405
27407
2741
27422
27425
27427
2743
27433
27439
27441
27445
27447
27451
27463
2748
27498
2751
2752
2753
27546
27548
2757
27585
27586
2759
27598
27605
27607
27608
2761
27612
27614
27615
27617
27620
27641
27647
2765
27659
27696
27713
27716
27742
2775
27756
27759
27774
27775
27776
27780
27787
27792
27797
27816
2782
27826
27832
27835
27836
27838
27842
27843
27846
27858
27876
27877
27878
2788
27886
27887
27898
27901
27902
27908
27917
27919
27940
27947
2795
27950
27957
27977
27978
28
28000
28010
28012
28029
28034
28036
2804
28048
28060
28065
28069
28094
28106
28127
28130
28131
28145
28147
28156
2816
28162
28168
28171
28172
2819
28192
28204
2821
28210
28228
2823
28232
28243
28246
28252
28258
2828
28280
28296
28305
28313
28314
28316
28320
28328
28330
28332
28358
2836
28362
28364
28368
2837
28386
28389
28390
28398
28403
28404
28407
28408
28419
28420
28421
28428
2843
2845
28452
28465
28466
28467
28468
28487
28491
28493
28508
28523
28529
28542
28545
28553
28558
28560
28563
28564
28569
28579
28582
28590
2860
28605
28610
28620
28634
28645
28654
28656
2867
28670
28672
28679
28680
28684
287
28705
28711
28714
28723
28734
28740
2875
28751
28753
2876
28765
28768
28775
28777
28779
28781
28783
28787
28799
288
2880
28805
28807
28813
28815
28816
2882
28823
28832
2884
28847
2885
28852
28870
28879
2888
28885
28897
28904
28911
28922
28927
28934
28935
28938
28960
28962
28965
28968
28974
28979
29
290
29004
29034
29035
29037
29038
2906
29065
29067
29076
29079
2909
29096
291
29116
29119
29127
29130
29153
29159
2919
292
29209
29211
29215
2922
29229
2923
29237
29241
29249
29255
29267
29269
2927
29278
2929
293
29307
29337
2934
29350
29359
2937
29372
29377
29378
29386
29394
29398
294
2940
29400
29404
2941
29423
29426
29427
2943
29431
29433
29435
2945
29461
29462
29471
29487
29495
29502
29505
29506
29509
29517
29525
29534
29535
29542
29543
29546
29548
29568
29574
29581
29587
29588
29598
29599
29610
29611
29612
29613
29614
29619
29627
29629
2963
29630
29633
29637
29638
29641
29644
29645
29652
29653
29660
2967
29672
29678
29683
29690
29692
29694
297
2970
29702
29706
29712
29714
29715
29719
29734
2974
29741
29745
29751
29755
29756
29761
29763
29769
29771
29775
2978
2979
29795
29796
298
29805
29808
29816
29817
2982
29820
29822
29824
29825
29826
29827
2983
29831
29843
29846
29853
29856
29857
29860
29864
29866
29867
29870
29873
29894
299
29901
29908
2991
29914
29917
29919
2992
29922
29924
29925
29930
29931
29939
29948
2995
29953
29959
29974
29975
29977
2998
29986
30019
30024
30025
3004
30044
3005
30056
30058
30061
30063
3007
30086
30090
30094
30099
301
30105
30111
30112
30113
30115
30121
30122
30123
30124
30125
30134
30138
30140
30143
30145
30164
30169
30175
30185
30186
30188
30189
30195
30207
30210
30212
30215
30217
3022
30221
30223
30225
30247
3026
30269
30273
30274
30275
30277
3029
30297
30308
30311
30312
3032
30325
30326
30342
30355
30356
30357
3036
30360
30366
30373
30376
30377
30380
3039
30396
304
30406
30410
30415
30425
30443
30445
30447
30448
30449
3045
30474
30481
30493
30494
30495
3051
30517
30530
30535
30574
3058
30584
30591
30594
3060
3061
30626
3063
3066
30672
30673
30674
30677
30680
30695
307
30719
30726
30727
30734
30735
30738
3074
30741
30744
30746
3075
30753
30756
3076
30760
30763
30768
3077
30771
30772
3078
30780
3080
30803
30807
30811
3082
30821
30833
30836
30840
30848
30850
30855
30856
30861
30866
30868
3087
30872
30873
30889
30890
30892
30897
30898
30903
30904
30905
30915
30916
30918
30920
30923
3093
30935
3094
30942
30944
30948
30949
30953
30960
30981
30982
30991
30992
30993
3100
31002
31009
31011
31013
31016
31018
31020
31022
31025
31026
31027
31028
31035
31039
31062
31064
31067
31096
31098
311
31103
31109
31112
31115
31122
31131
31132
3114
31147
31148
31154
31159
31160
31166
31167
31168
31172
31175
31181
31183
31184
31186
31188
31208
31236
3124
31245
31266
31272
31278
31292
31296
31307
31308
31317
31322
31324
3133
31345
31359
31380
31381
31384
31386
31390
31392
31395
31402
31413
3142
31427
31430
31432
31434
31435
31439
3144
3145
31458
31460
31472
31476
31478
31481
31490
31492
315
31502
31503
31512
31520
31526
31532
31533
31539
31543
31546
31548
31549
31555
31559
31561
31566
31569
31570
31576
31579
31580
31581
31588
31589
31590
31591
31597
31598
31605
31615
31626
31627
31629
3163
31630
31633
31639
31643
31652
31669
31675
31684
31705
31708
31712
31716
31720
31721
31728
31736
31742
31750
31751
31752
31754
31760
31761
31771
31774
31785
31787
31791
31792
31796
31798
31800
31804
31813
31833
3184
31843
31854
31857
31859
3186
31866
31872
31877
31878
31888
3189
31893
319
31900
31903
31905
31916
31921
31926
31930
31937
31938
31949
31959
31972
31976
31982
3199
31994
31998
32
32000
32030
32031
32033
32036
32039
32047
32053
32055
32059
32066
32067
3208
32081
32084
32107
32114
32121
32133
32137
32139
32141
32151
32160
32166
32168
3219
3220
32210
32213
32214
32216
32231
32270
32271
32273
32275
32277
3229
32292
32298
32301
32302
32317
32322
32329
3233
32354
32359
32364
32381
32384
32393
3240
32413
32414
32416
32422
3243
32461
32463
32482
32484
32488
32492
3250
32512
32515
32519
32520
32521
32538
32539
32546
32558
32559
3256
32565
32567
32572
32573
32576
32591
32594
32596
32597
326
3260
32600
32603
3261
32610
3264
32640
32644
32647
32649
32652
32658
3266
32661
32672
32674
32698
32699
327
3270
32703
3271
32715
32728
3273
32731
32732
3275
32751
32753
32756
32761
32766
32772
32773
32775
32776
32784
32794
328
32802
32809
32813
32814
32815
32826
32828
32830
32835
32836
32839
32840
32845
32846
32859
32867
32869
32874
32878
32887
329
32901
32902
32903
32904
32907
32909
32912
32913
32922
32924
32946
32947
32950
32951
32961
32963
32966
32967
32974
32980
32981
32985
32989
33
330
3301
33012
33022
33024
33032
33034
33041
33047
33049
33053
33068
3307
33072
3308
33087
3309
33091
33093
331
33100
33103
33109
33111
33121
33135
33138
33143
33144
33147
33153
33158
33159
33161
33171
33175
33177
332
33218
33226
33233
3324
33244
33245
3325
33251
3328
33283
33287
33291
33292
33296
33298
333
33300
33308
33321
33333
33344
33361
33370
33371
33375
33377
33380
33382
33390
33393
33417
33422
33427
3344
33447
33460
33464
33468
33485
33487
33495
33496
33502
33508
33517
33528
33534
33538
33554
33561
33562
33564
3357
3358
3359
33677
33685
3369
3370
33713
33714
33719
3372
33723
33728
33731
33732
33733
33734
33746
33748
3375
33758
33761
33762
33771
33778
3378
33781
33784
33786
338
33800
33809
33811
33818
33825
33827
33830
33834
3384
33844
33846
3385
33854
33856
33858
33870
33889
33890
33895
33897
339
3390
33905
33912
33917
33925
33935
3394
33940
33941
33952
33953
33956
33958
3396
33988
33989
33990
33992
33995
340
34000
34004
34007
3401
34022
34026
34027
34028
34036
34040
34045
34046
3405
34053
34054
34055
34062
34067
34072
34077
34079
34080
34093
34094
3410
34100
34107
34113
34121
34122
34125
34127
34130
34131
34132
34137
34140
34142
34147
34149
34151
34152
34160
34163
34165
34178
3418
342
34202
34208
34210
34213
34214
34215
34216
3422
34225
3423
34230
34242
34245
34250
34253
34255
34257
34271
34272
34279
34280
34293
34294
34298
34299
34317
34324
3433
3436
34361
34368
34373
34398
344
34400
34402
34418
34422
3443
34473
34475
34485
34486
34488
34493
34496
345
3450
34510
34512
34515
34522
34530
34550
34553
34555
34570
3458
34582
34585
34598
34599
346
34602
34608
3463
3464
34640
34641
34647
3465
34655
34666
34669
3467
34672
34681
34682
34685
34686
34688
34694
34698
34699
347
34705
34713
34720
34726
34727
34728
34741
34749
34765
34766
34774
34776
34777
34779
34783
34787
3480
34802
34803
34808
34812
34815
34831
34839
3484
34840
34852
34860
34866
3487
34875
34890
34891
34895
34898
349
34900
34901
34908
34913
34921
34922
3493
34937
34938
3495
34950
34954
34958
34960
34965
34969
34977
34997
34999
35
350
35000
35009
3501
35022
35028
35041
35046
35050
35052
35066
35071
35083
35085
35089
35096
35104
35121
35123
35125
35126
35131
35133
35135
35138
35140
35141
35144
35146
35152
35156
35159
35162
35169
35177
35178
3520
35201
35209
3521
35226
35233
35249
3525
35262
35276
35281
35287
35293
35299
35303
35309
35311
35319
35323
35326
35332
3534
3535
35354
3536
35366
35369
35370
35375
35388
3539
35393
35399
35409
35419
35428
35430
35437
35447
35454
35465
35470
35475
3548
35482
35492
35495
35499
35505
3551
35511
35523
35525
35528
35531
35537
35546
35550
35554
35556
35565
35568
35571
35572
35574
35577
35581
35593
356
35616
35617
35618
35634
35643
3565
35650
35655
35658
35672
3568
35683
357
35704
35710
35712
35719
3572
35723
35726
35730
35742
35750
35752
35753
35765
35780
35797
3580
35800
35812
35813
35819
3582
35820
35821
35823
35825
35828
35844
3586
35873
35874
35882
35883
35884
35888
3589
35891
35894
359
3590
35903
35908
35920
35926
35935
3594
35946
3595
35961
35962
35964
35967
3597
35972
35976
35982
35984
35988
35997
360
36002
36011
36015
36030
36038
36043
36047
36056
36058
36068
36085
361
36101
36111
36118
36119
36126
36138
36141
36145
36147
36150
36153
36154
36166
36167
36178
36186
36187
36193
36198
3621
3622
36221
36223
36225
36229
36236
36237
36240
36241
36242
36244
36248
3626
36261
36262
36273
36275
36280
36281
3631
36310
36317
3632
36322
36328
36332
36333
36334
36347
36354
36367
36378
36383
36388
36393
36394
36397
364
36403
36408
36423
36429
36430
36433
3644
36441
36443
3645
36454
36455
36457
36458
36461
36465
3647
36479
3648
36481
36491
3650
36500
36504
36512
36514
36516
36525
36526
36536
36537
36538
36541
36561
36562
36563
36570
36571
36578
3658
36580
36586
36589
36590
36592
36594
36596
36598
36600
3661
3662
3664
3665
36653
36657
36658
36663
36667
36668
36676
36677
36692
36696
36698
36705
36706
36707
36710
3672
36725
36746
36749
36754
36768
36774
36777
36801
36803
36808
36812
36816
36819
36820
36821
36824
36826
36827
36829
36831
36832
36836
36838
36839
36841
36844
36853
36866
36867
36869
36877
36878
3693
36974
36983
36996
3700
37001
37008
37016
37017
37019
37027
37049
37059
3706
37062
37063
37067
37076
3709
37094
371
37108
37114
3713
37131
37136
37145
3715
37153
37156
37157
3716
37162
37166
37167
3717
37192
37195
37198
37202
37203
37208
37233
37249
37250
37252
37256
37262
3727
3728
37284
37285
3729
37305
37319
37324
37325
37329
37333
37336
37345
37348
37353
3736
37361
37362
37365
3737
37378
37389
37393
37395
37397
37400
37403
37413
37416
37419
37424
37444
37456
37458
37462
37463
37465
37474
37477
3748
37482
37486
37499
37513
37518
37523
37528
37529
37533
37547
37557
37558
37569
37572
37574
37588
37589
37599
37603
3761
37627
37654
37672
37677
37678
37700
37703
37716
37719
37740
37745
37747
3775
37751
3776
37761
37774
37776
37779
3778
37786
3779
37795
37813
37816
37817
37827
3783
37831
37834
37837
37841
37855
37857
37863
37865
37876
37879
37882
37885
37892
37898
37929
3793
37936
37940
37941
37942
37945
37948
37949
37950
37951
37958
37961
37974
37983
37984
37985
38
380
38001
38003
38004
38009
38019
38025
38033
38044
38058
38063
38066
3807
38070
3808
38081
38088
3809
381
3810
38133
38139
3815
38150
38172
38174
38181
38186
3819
38200
38204
38207
38215
3823
38253
38259
38263
38265
383
38342
38365
38377
38384
38385
38396
3840
38415
38434
38435
38441
38451
38458
38462
38466
38469
38476
3848
38484
38485
38486
3849
38497
38501
38507
38519
38521
38524
38526
38545
38546
38547
38548
38559
38571
38576
3858
38580
38581
38582
38588
38590
386
38604
38605
38613
38632
38640
38641
38648
38651
38667
38670
38671
38676
38686
3869
38695
3870
38703
3871
38711
38714
38740
38755
38757
38778
38779
3878
38783
38786
38787
38794
388
38806
38810
38816
38827
38828
38829
38831
38847
38850
3886
38861
38884
38887
38897
389
38910
38931
38936
38945
38955
38957
38967
38968
38969
38975
38976
38982
38986
38989
39
390
39009
39021
39027
39028
39042
39058
39060
39080
39081
39087
39089
39092
391
39112
39116
39122
39133
39137
39145
39147
39148
39149
39150
39151
39158
39161
39163
39171
39172
39176
3918
39183
39190
39194
392
39204
39217
39218
39223
39236
39240
39252
39255
39259
39282
39287
39295
39297
39303
39308
39316
39320
39321
39332
39334
3934
39341
3935
39368
39369
39370
39371
39372
39388
39393
39403
3941
3942
39435
39438
3944
3945
39457
39458
3946
39460
39468
39469
39470
39472
39487
39489
39490
39502
39505
39522
3953
39534
39542
39545
39549
39550
39551
39552
39553
39554
39559
39564
39567
39574
39585
396
39600
39603
39604
39610
39618
39626
39629
39638
39643
39644
39652
3966
39660
39662
39677
39679
3968
39688
3969
39700
39710
39715
39717
39723
39726
39727
3974
39744
39746
39750
39752
3976
39766
39770
39771
39795
39799
39801
39813
39815
39819
39826
39833
3984
39840
39841
39842
39843
39859
39861
39877
39878
39879
39882
39890
39897
39899
399
39901
39904
3991
3992
39925
39926
39927
39943
39948
39949
39953
39955
39967
39988
400
40003
4001
40011
40023
40024
40034
40048
40050
40059
40071
40075
40077
40090
401
40107
40125
40139
40140
40141
40142
40143
40149
40153
40155
40158
40161
40175
40181
40193
40195
40229
40256
40286
40289
403
40304
40305
40306
40309
4034
40347
40370
4038
40386
40388
40396
4040
40400
40404
40408
40410
40413
40418
40426
40433
40434
40436
40437
40438
40439
40440
40442
40445
40454
40468
40469
40476
40480
4049
40490
40496
40497
40502
40504
40505
40515
4053
40537
40541
40543
40546
40548
40558
40559
40562
40563
40574
40576
4058
40584
40588
4059
406
4060
40600
40602
40624
40628
40631
40652
40662
40678
40686
40691
407
40703
40706
40710
40711
40712
4072
40722
40724
40727
40728
40731
40732
40734
40739
40745
40749
40751
40758
4076
40765
40772
40775
4078
40800
40803
40804
40806
40816
40827
4083
40832
40841
40846
40849
40858
40863
40875
40877
40882
40885
40890
409
40916
40924
40925
40927
40938
4095
40957
40962
40969
40975
4098
40987
4099
40993
40997
40998
41
410
41012
41013
41019
41021
41028
41044
41051
41053
41060
41065
41067
4107
41075
41079
41081
41087
41092
4110
41103
41104
41108
41114
41115
41123
41124
41125
41128
41133
41135
41138
41143
41149
41150
41158
41161
41172
41173
41174
41177
41179
41187
412
41200
41207
41212
41216
41218
41231
41235
41259
41273
41275
4128
41280
41284
41285
41298
413
4130
41308
4131
41310
41314
41321
41324
41329
41343
41348
41350
41355
41362
41368
41370
41372
41377
41384
41388
41390
414
4140
41408
41409
41418
41426
41429
4143
41431
41432
41434
4144
41446
41447
41450
41455
41456
41458
41460
41465
4147
41476
41483
4149
41494
41497
41508
4151
4152
41522
41523
41526
41536
4154
41546
41547
41551
41552
41553
41566
4157
41578
4158
41583
41586
41590
41596
4160
41602
41608
41617
41629
41634
41636
41652
41653
41656
4166
4167
41678
41679
41680
41683
41695
417
41703
41708
4171
41713
41718
41719
41745
41757
41769
41772
41791
418
41803
41806
41814
41825
41840
41846
41848
41855
4186
41877
4188
41899
419
4190
41909
41925
41926
4193
41934
41957
41960
41961
41964
41965
41973
41988
41995
42008
42023
42029
42032
42033
42034
42046
42047
42048
42049
4205
42057
42062
42065
42067
42069
42071
42074
42079
42081
42082
42085
42094
42096
421
42103
42106
42108
42109
4211
42110
42112
42114
42123
42125
42128
42130
42131
42139
42140
42145
42148
42149
42157
42161
42162
42165
42166
42169
42192
42193
42194
42195
42200
42207
42209
42211
42217
4222
42223
42233
42235
42243
42246
42247
42252
42253
42254
42257
4226
42264
42265
42267
4227
42272
42280
42291
4230
42304
42305
42310
42313
42316
42322
42330
42336
42343
42344
42361
42363
42364
42371
42372
42378
42383
42384
42385
4239
42390
42392
42395
42399
42400
42414
42420
42427
42439
42460
42462
42464
4247
4248
42484
42486
42487
42492
42496
42498
42499
42500
42507
42525
42527
42538
42553
42554
42557
4256
42572
42573
42576
42578
42580
42581
42590
42591
42592
42596
42598
42608
42621
42627
4263
42631
42638
4264
42640
42649
42651
42661
42662
42674
42676
42704
42712
42714
42718
42731
42738
42744
42753
42756
42764
42768
42775
42783
42784
42786
4279
42797
42799
4281
42815
42816
4282
42827
42830
42834
42838
42852
42856
42876
42890
42893
42895
42896
429
42902
42903
42904
42905
42909
42915
42918
4292
42929
42931
42935
42937
42959
42965
42969
42974
4298
42980
42992
42999
43006
43008
43012
43017
4303
43036
43041
43047
43055
43061
43071
43077
43085
4309
43103
43104
43120
43129
43134
43143
43147
43157
43160
43161
43166
43175
432
4322
4323
4325
4327
4337
43373
4345
43452
43470
435
43506
43507
43511
43515
4352
43527
43529
43533
4354
43542
43549
43561
43562
43568
43569
4357
43588
43593
43597
436
43600
43603
43617
43620
43621
43622
43633
43638
43640
43642
43648
4365
43658
43663
43665
43669
43685
43691
43694
43699
4370
43705
43706
43710
43717
43720
43723
4373
43749
43750
43762
43767
43768
43773
4378
43793
43798
43811
43814
43817
43824
43826
43877
43879
43887
4389
43891
43895
43899
439
4391
43913
43939
43943
43949
43951
4397
43984
43985
43986
43988
43990
43991
44
440
4400
44006
44039
44040
44041
44045
4405
44051
44057
44060
44062
44066
44072
44074
44079
4408
44082
44086
4409
44099
441
44100
44115
4412
44123
44129
44138
44139
44146
44157
4416
44164
44170
44171
44179
44182
44184
44190
44196
442
44201
44204
44213
44215
44219
44221
44222
44223
44224
44226
44231
44244
44246
44248
44250
44270
44274
44277
44279
44287
44293
44294
44295
44300
44301
44310
4432
44323
44334
44336
4435
44353
44368
44377
44385
44386
44394
44395
44404
44438
44440
44442
44445
44448
44454
44462
44479
44490
44491
44492
44495
445
44502
44503
44517
4453
44534
44553
4456
44564
44574
44579
44586
44587
4460
44606
44616
44633
44637
44653
44659
4466
44665
44666
44673
44679
44692
44698
44699
44713
44716
44720
44721
44722
44723
44727
44730
44738
4475
44751
44753
44759
4476
44764
44773
44775
44776
44780
44785
44788
44792
44821
44822
44827
44838
4484
44841
44842
44851
44863
44868
44879
44880
44884
44886
44888
449
44906
44911
44915
44935
44940
44943
44944
4495
44957
44958
44959
44962
44963
4497
44973
44974
45
450
45000
45001
45007
45010
45012
45021
45028
4503
45033
45034
4504
45048
4505
45050
45051
45054
45058
45068
45071
45075
45082
4509
45098
45101
45104
45108
45110
45111
45113
45114
45115
45116
45121
45123
45132
45133
45138
45144
45150
4516
45185
45197
452
45201
45205
4521
45218
45220
45238
4524
45241
45242
45257
4526
4527
45279
4528
45295
45298
45299
45301
45325
45336
45340
45343
45344
45345
45346
45350
45373
45389
45392
45401
45407
45408
45417
45427
45428
45429
45430
45432
45436
45440
45450
45453
45454
45456
45457
45469
45476
45478
45482
45485
45491
45495
455
45509
45512
45515
45518
45522
45524
45529
45534
45537
45539
45542
45543
45548
4555
45553
45558
45559
4556
45562
45565
45579
4558
45585
45594
456
4560
45613
45614
45620
45624
45625
45626
45636
45639
45642
45648
45651
45656
45657
45660
45661
45676
45677
45680
45681
45682
45684
45685
45686
45688
4569
45690
45691
45700
45702
45707
45710
45717
45722
45727
45731
45734
45736
45737
45746
45766
45779
45780
45784
45786
458
45802
45803
45807
45809
45812
45813
45817
45820
45823
45827
45837
45839
45848
4585
45850
45855
45858
4586
45881
45887
45889
45890
45894
45900
45909
4591
45910
45916
45920
45921
45929
45954
45958
45973
45988
45991
46
460
4600
46004
46009
4601
46025
46026
46037
4604
46047
46053
46056
46061
46064
46069
46074
46075
46092
46093
46098
461
46100
46101
4611
46116
46127
46128
46131
46138
46146
4615
46150
46157
46159
46164
46165
46168
46171
46173
46187
4619
46191
46194
46202
46207
46208
4621
46211
46214
46216
46217
46223
46231
46235
46236
46238
46241
46256
4626
46281
46287
46289
4629
46293
46294
463
4630
46303
46305
46307
46308
46309
4631
46312
46314
46323
46324
46332
46334
4634
46343
46357
46366
46369
46373
4638
46382
46383
46388
46390
46395
46400
46402
46405
4641
46410
46411
46414
46428
46429
46434
46439
46448
46459
46464
46466
46468
46474
46477
46479
46482
46483
46487
46491
46493
46496
46502
46504
46517
46519
4652
46532
46534
46539
4655
46557
46560
46562
46575
46578
46582
46602
46606
46607
46609
46615
46616
46621
46624
46647
46652
46657
46660
46666
46671
46673
46674
46677
46681
46683
46691
46697
46699
4670
46705
4671
46713
4672
46721
46722
46726
46734
46735
46737
46745
46752
46755
46767
46770
46778
4678
46785
46791
46792
46802
46809
46816
46824
46825
4683
46830
4685
46876
46877
46881
4689
46891
46893
46896
469
46902
46909
4691
46912
46916
46937
46938
46940
46941
46942
46943
46987
46989
46992
47
470
4700
47004
47005
47006
47009
47012
47016
47034
47036
47040
47053
47056
47063
47065
47068
47075
47092
47095
471
47100
47102
47103
47110
47113
47114
47115
47121
4714
47143
47149
47158
47179
47180
47185
47191
47200
47205
47206
47215
47216
47221
47222
47226
47227
47239
47246
47256
47262
47266
47270
47271
47277
47279
47281
47282
47285
47286
47290
47293
47294
47298
47302
47303
47306
47308
47309
47310
47311
47314
47317
47318
4732
47320
4733
47331
47333
47341
47345
47349
47355
47366
47367
47370
47378
47383
47386
47395
47397
47398
47399
474
47401
4742
47429
47432
47435
47438
47439
47449
4745
47451
47457
4746
47461
47463
47464
47469
4747
47471
47476
47478
47490
47494
47498
475
47503
47514
47515
47532
47535
4754
47541
47557
47560
47565
47569
47575
47577
47578
47588
47591
47594
476
4760
47609
47625
47629
47635
47653
47656
47670
47676
47678
47682
47684
47692
47700
47701
47709
47722
47736
47740
47747
4776
478
4780
47814
47815
4783
47835
47839
47844
47845
47847
4785
47854
47862
47866
47871
47874
47875
47876
4789
47899
47902
47906
47930
47934
47935
47937
47938
4795
47952
47958
47970
47980
47982
47987
48
4801
48012
48017
48020
48022
48023
48031
48032
48044
48055
48057
48067
48070
48072
48076
48081
48087
48096
481
48112
48114
48128
48137
4815
48157
48158
48159
4816
48180
48182
48187
48197
48202
48205
48211
48213
48218
48220
4823
48231
48235
48237
48249
48254
48256
48257
48274
48276
48296
48318
48326
48332
48333
48336
48345
48346
48352
48355
48359
48364
48369
48372
48374
48375
48376
48395
48396
48400
4841
48413
48448
4845
48450
48458
48460
48472
48478
48487
48494
48501
48515
48520
48531
48532
48538
4854
48540
48542
48548
48551
48559
48566
48571
4859
48591
48595
48596
48598
48604
48607
48611
48616
48620
48631
48638
48648
48650
48652
48656
48668
48678
48689
487
4870
48708
48710
4873
4874
48741
48745
48758
48761
48762
48763
48770
48774
48779
4878
48789
4879
48795
48797
488
4880
48814
48825
48826
48842
48844
48857
48858
48861
48867
48869
48870
48871
48875
48876
4888
48880
48881
48892
48900
48916
48918
48926
4893
48937
48941
48946
48957
48965
4897
48970
4898
48980
48985
48987
48988
48999
490
4900
49004
49006
49008
49020
49022
4903
49034
49042
49045
49064
49070
4908
49086
49113
4912
49125
49127
49130
49138
49144
49147
49152
49155
49171
49178
49180
49181
49183
49188
49192
492
49209
4921
49212
4922
49229
49232
49238
49240
49256
49260
49267
49269
4927
49272
49273
49275
49278
49279
4928
49281
49291
49294
49306
49307
4931
49314
49317
49319
49329
4933
49332
49333
49338
49339
49365
49366
49369
4937
49382
49383
49389
49397
49400
49402
49407
49409
4941
49413
4942
49424
49425
49428
49429
49432
49434
49441
49443
49447
49470
49476
49478
4949
49490
49492
495
49500
49501
49503
49509
49516
49522
49524
49527
49536
49537
49548
49550
49551
49552
49559
49566
4957
49572
4958
49589
49595
496
49612
4962
49624
4964
49645
49657
49659
49667
4967
49692
49693
497
49710
49726
4976
49767
49768
49770
49788
49790
49791
49795
49797
498
49804
49807
49808
49811
49812
49813
49817
49820
49823
49829
49834
49836
49851
49853
49854
49862
49873
49886
499
4991
49913
49927
49932
49936
4995
49962
49963
49968
4997
49982
49984
49994
49995
49997
5
50
50001
50004
50005
50012
50014
50037
50045
50051
50053
50055
50057
50060
50071
50082
50083
5009
501
50124
50134
50135
50138
50141
50145
50151
50155
50156
50158
50172
50175
50177
50182
50183
50184
50195
502
50210
50214
50222
50224
50242
50253
50268
50283
50287
50295
50304
50305
50306
50310
5032
50322
50325
50343
50349
50350
50358
50360
5037
50373
5039
50390
50396
50397
50398
504
5040
50405
5041
50421
50422
50427
5044
50447
50448
50451
50461
50462
50466
50477
50482
50484
50485
50489
50490
50491
5050
50500
50505
50514
5052
50521
50523
50526
50528
50531
50532
50533
50539
50540
50541
50544
50547
50553
50555
50556
5056
50562
50578
50579
5058
50586
5059
50604
50605
50616
50634
50638
5065
50666
50671
50677
50684
50688
50690
50691
50698
50699
50701
50702
50703
50706
50708
50712
50717
50720
50722
5073
50734
50741
50743
50745
50748
50749
50756
50771
50775
5078
50786
50790
50794
50795
508
50803
50814
50818
50839
5084
50842
50846
50847
50851
50852
50853
50854
50861
50863
50866
50877
50879
50883
50884
50892
509
50903
50905
50909
50912
50913
50914
50915
50918
50919
50926
50934
50940
50944
50948
5095
50963
50964
50979
50981
50982
50987
50989
50991
50994
50996
51
51002
5101
51013
51019
51022
51025
51027
51034
51044
51045
51047
51048
5105
51051
5106
51062
51072
51076
51078
51081
51082
51094
51097
51100
51106
51115
51117
51136
5114
51141
51158
5116
51169
5117
51172
51173
51176
5118
51180
51185
51187
51192
5120
51207
51212
51214
51223
51224
51233
51242
51244
51248
51252
51253
5126
51263
51265
51269
51278
51281
51288
51294
51299
513
51306
5131
51314
51318
5132
51333
51337
51349
51355
51361
51363
51368
51369
51370
51376
5138
51384
51401
51410
51416
51421
51422
5143
51438
5144
51455
51456
51457
51460
51470
51481
515
51505
51506
51523
51526
51527
5153
51533
51535
51537
51542
51543
51547
51548
51551
51556
5156
51565
51566
51574
51578
51586
51587
51594
5160
51611
51612
51614
51615
51621
51627
51630
51634
51635
51636
51646
51647
5167
51670
51671
51673
51679
51685
51686
51698
51704
51707
5171
51713
51714
51716
51720
51724
5173
51730
51731
5175
51753
51755
51765
51769
51775
51777
51779
51791
51794
51804
51805
51807
51826
5183
51830
5184
5186
5188
51890
51892
519
51906
51910
51912
51913
51914
51917
5192
51921
51931
51936
51940
51944
51945
51947
51948
5195
51956
51958
51960
51967
51972
51981
51987
5199
51993
51995
520
52001
52008
52009
52011
52012
52020
52023
5203
52034
52054
52055
52067
52081
52094
521
52110
52114
52120
52121
52124
52128
5213
5214
52140
52145
5215
52153
52157
52158
52164
52171
5219
52191
52193
52194
52195
52198
52199
52203
52213
52218
52221
52224
52231
52234
52237
52239
5224
52242
52251
52258
52265
52267
52269
52274
52277
5228
52289
523
52300
52306
52311
52314
52316
52318
52323
52329
52331
52336
5235
52355
52356
5236
52372
52374
52375
52379
52385
52387
52396
52398
524
52402
52411
52414
52418
52419
52423
52424
52426
52428
5243
52430
52432
52437
52441
52445
52447
52449
5245
52457
52458
52459
52460
5247
52471
52472
52475
52489
525
52500
52501
52509
5251
52511
52518
52519
52520
52521
52524
52526
52537
52538
52561
52563
52565
52567
52568
52579
52583
52588
5259
5261
52610
52612
52628
52630
52631
52632
5265
52654
52657
52659
52673
52685
52693
52695
5270
52712
52717
52719
5272
52724
5273
52733
52738
52775
52776
52777
52778
52782
52784
52788
52798
52799
52809
52813
52818
52819
52822
5283
52831
52836
52839
52840
52843
52847
52848
52854
52862
52877
52879
52882
52889
52890
529
5290
5293
52930
52935
5294
52944
52945
52949
52950
52953
52954
5296
52960
52963
52968
52970
52989
52992
52993
52997
53
53000
53001
53011
53016
53019
5302
53025
53030
53033
53036
53039
5304
5305
53050
53053
53057
53059
53061
53084
5310
53100
53105
53117
53120
53124
53138
53146
5315
53157
53158
53159
53160
53164
53169
53171
53185
53188
53193
53196
53197
53198
53200
53203
53206
53212
53214
53216
53220
53229
53236
53237
53243
53246
53248
53261
5327
53278
53286
5329
53293
53297
53310
5332
53333
5334
53350
53355
53357
53368
5337
53388
53391
53397
5340
53411
53414
53416
53419
53421
53422
5343
53432
53436
53438
5345
53450
53452
53455
53460
53465
53466
53469
5348
53489
5349
53494
53501
53527
53529
53541
53546
53566
53569
53570
53571
53583
53589
53592
53593
53597
53603
53631
53632
53634
53645
53652
53658
53659
53663
53665
53677
53678
53692
53707
53713
53714
53723
53727
53732
53736
53738
53741
53747
5375
53752
53756
5376
5377
53775
53776
53787
53793
53796
53799
538
53801
53810
53816
53818
53820
53823
53831
53833
53836
53839
53852
53860
53866
5387
53870
53879
53881
53883
53888
53890
53894
53915
53919
5392
5393
5395
53955
53962
53964
53974
53980
53982
53984
53985
53992
53995
53997
54000
54001
54004
54006
54008
54032
54035
54048
54049
54050
54052
54054
54055
5406
54060
54066
54068
54073
54079
54080
54089
5409
54098
5410
54114
54116
54122
54128
54130
54134
54136
54137
5414
54143
54152
54158
54159
5416
54164
54166
54172
54179
54180
54182
54184
54189
54197
542
54221
54222
5423
54232
54236
54237
54239
5424
54240
54241
54245
5426
54264
54265
5427
54274
5428
54284
5429
54294
54299
543
5430
54302
54305
54306
54310
54312
54323
54324
54335
54341
54348
54353
54356
54357
54368
54369
54377
54382
5441
5442
54423
54424
54432
54440
54443
54445
54450
54455
54464
54466
54470
54472
5448
54486
54487
5449
54497
5450
54517
54543
54545
54553
54554
54555
54563
54567
5458
54580
54593
54602
54613
54619
54621
54623
54626
54641
54645
5466
54662
54677
54678
5468
547
5470
54719
5472
54763
5477
54785
54793
54796
548
54803
54805
54806
54808
5481
54829
5483
54830
54839
54843
54844
54849
5485
54853
54854
54858
54881
54888
54893
549
54905
5491
54912
54914
54915
54918
5492
5493
54934
54940
54941
54942
54953
54974
54981
550
5500
55008
5501
55012
5502
55022
55025
55026
55029
55031
55036
55038
5504
55042
55046
55047
55048
55056
5506
55060
55064
55068
55073
55078
55079
55080
55084
55086
55089
55096
55104
5511
55112
55113
55115
55117
55123
55124
55126
5513
55136
55137
55141
55147
55149
55151
5516
55161
55164
55168
55170
55173
55175
55177
55179
5518
55185
5519
55194
55198
55199
552
55208
55209
5521
55211
55215
55216
55222
55224
55226
55229
55234
55238
55252
55256
55259
55266
5529
55300
55304
55306
55310
55312
55315
55317
55321
55324
55326
55331
55339
55343
55344
55348
55350
55353
55356
55357
55364
55369
55371
55378
55380
55381
55383
55388
55393
55395
55397
55398
55402
55403
55404
55405
5542
55424
55432
5544
55440
55451
55452
55455
55459
55460
55462
55466
55469
5547
55471
55473
55479
5548
55483
55488
55489
55499
555
55506
55523
55525
55532
55538
55541
55542
55544
55567
55568
55570
55572
55575
55576
55578
55583
55592
55596
5560
5562
55623
5564
55641
55655
55660
55668
5567
55671
55673
55682
55686
55693
55695
557
55702
55703
55718
55719
55729
55730
55733
55737
55748
5575
55750
55751
55752
55755
55763
55768
55781
55791
55799
558
55807
55808
55814
55816
55818
55822
55865
55874
55876
55889
55890
55891
55892
559
55904
55906
55908
55909
55912
55919
55923
55924
5594
55942
55945
55947
55961
55971
55979
5598
55981
56002
56003
5601
56010
56017
56020
56026
56033
56043
56044
56045
56051
56056
56057
56068
56072
56075
56081
56084
56091
56094
56096
561
56102
56106
56109
5611
56114
56117
56119
5612
56122
56124
56125
56138
56141
56144
56147
56149
5615
56152
5616
56164
56170
56176
5618
56181
56183
56184
56190
562
56204
5621
56220
56225
5624
56241
56245
5625
56255
5626
5627
56272
56275
56287
5629
56292
56293
5630
56300
56306
5631
56314
56316
56318
5632
56323
56325
56327
5633
56333
56344
56346
56348
5636
56361
56363
56374
56379
56382
56394
56399
564
56401
56404
56406
56407
56410
5647
5651
5653
56538
56539
56542
56552
56559
5656
56560
56561
56567
56570
5658
5659
56592
56598
566
5660
56601
56605
56613
56615
56623
56635
56641
56645
56647
56653
56657
56659
56660
5667
56670
56672
5668
56680
56684
56689
56699
56701
56706
56708
56711
56712
56713
56717
56721
56735
56736
56737
56746
56748
56754
56761
56767
56775
56777
5678
56780
56792
56793
56797
5681
56817
56819
56821
56825
56826
56829
56832
56834
5684
56841
56847
56849
56854
56862
56865
56873
56876
56879
5688
56892
56894
56895
56896
569
5690
56900
5691
56918
56920
56921
56925
56926
56927
56932
56941
56944
56953
56973
56976
56984
56995
57
5700
57003
57007
57009
5703
57035
57038
5704
57044
5705
57053
57060
57061
57062
57064
57065
57071
57080
57084
57091
57093
57097
571
57113
57117
5712
57120
57125
57130
57158
57159
57161
57169
5717
57170
57179
5719
57190
57191
572
57202
57203
57209
57216
57230
57237
57239
57243
57246
57249
5725
5726
57261
57287
5729
57293
573
5730
5731
57310
57324
57332
57340
57342
57345
57347
5735
57351
57353
57368
57378
5738
57382
57383
57388
5739
57391
57396
5740
57402
57404
57407
57419
57427
5743
57430
5744
57448
5745
57458
5748
57482
5749
575
5750
57505
5751
57513
5752
57521
57538
57542
57544
57547
5755
57559
57560
57561
57564
57566
57569
57578
57579
57580
57589
57601
5761
5762
57625
57626
57634
57644
57648
57653
57654
57657
57658
57669
57674
57680
57684
57685
57691
57701
57703
57704
57722
57726
57730
57735
57737
57738
57741
57742
57744
57749
57763
57764
57778
5778
57784
57787
57790
57799
5780
57805
5781
57814
57825
5783
57832
57835
57836
57838
57842
57846
57857
5786
57862
57882
57917
57923
5793
57933
57935
57942
57944
57950
57953
57963
57969
57971
57977
57989
57994
58
580
5800
58009
58012
58013
58014
58015
5802
58024
58026
58027
58029
58035
58041
58052
58060
58062
58066
58075
58076
58083
58084
58085
58088
58091
58096
58097
581
5811
58112
58116
5812
58120
58122
58125
58133
58143
58146
58149
58156
58161
5817
58173
58177
58179
58180
5819
58196
582
58212
58225
58228
58258
58259
58267
5827
58276
58278
5829
58295
583
58308
5831
58317
58319
58321
58329
58342
58353
58354
58357
58364
5837
58370
58376
58379
58390
58399
58401
5841
58411
58417
58419
5843
58436
58440
58446
58449
58461
5850
58506
58509
58515
58516
58518
58526
58533
58534
58536
58537
58538
5855
58557
58561
58565
58571
58574
5859
58591
58594
58604
58610
58614
58627
58628
58633
5864
58655
58661
5867
58683
58684
58685
5869
58690
58694
58699
587
58701
58705
58712
58713
58715
58719
58725
5873
58744
58747
58752
58755
58760
5877
58782
58784
588
58803
58809
58824
58828
58832
58842
58850
58853
58860
58876
58880
58886
58892
58893
58896
58898
589
5890
58906
58919
58922
58925
58928
58929
58931
58946
58949
58959
58970
58971
58974
58982
58987
58988
59
590
59007
59009
59010
59013
59026
59028
59031
59032
5904
59045
59046
59048
59051
59056
5907
59072
59074
59078
59080
59081
59092
59093
59095
591
59131
59144
59145
5915
59150
59172
59175
59181
5919
59204
59214
59218
5922
59226
59230
59248
59249
59257
59262
59265
59269
59273
59281
5930
59320
59323
5933
59335
59354
59360
59366
5937
5938
59390
59392
59410
59421
59422
59439
59443
59448
5945
59457
59458
5947
59474
5949
59491
59496
59503
5951
59510
59514
59532
59536
59549
59551
59554
59559
5956
59565
59575
59576
59577
59578
5958
59587
59588
59592
59594
596
59617
59619
59631
59639
59642
59651
59652
59653
59654
59666
59669
59677
59680
59690
597
59702
59707
59709
59710
59770
5978
59782
59783
59791
59799
59800
59801
59811
59812
59814
59817
59818
59822
59880
59904
59917
59930
59938
59942
59952
59968
59976
59985
59986
59989
59995
59997
6
60003
60009
60011
60014
60020
60023
60024
60025
60028
60029
6004
60044
60047
60049
60050
60051
60053
60058
60059
6006
60061
60064
60074
60075
60076
60078
60079
60083
60084
60088
60096
601
6010
60102
60104
6011
60110
60113
60119
60124
60127
60129
60130
60131
60137
60138
60148
60151
60159
60169
60171
60174
60181
60185
60186
60190
6020
60213
60218
60219
60220
60224
60228
60229
60235
6025
60250
60253
60255
60262
60263
60278
60283
60288
60291
60295
60307
60313
60315
60317
60318
60321
60324
60325
60334
60336
60343
60368
6038
60380
60382
60394
60396
60420
60432
60439
60442
60444
60452
60453
60454
60456
6047
60471
60475
60476
60477
60478
60490
60496
60500
60501
60502
60508
60525
6053
60530
60541
60551
60556
60573
60575
60582
60606
60607
60614
60619
6062
60620
60625
60626
60627
60629
6063
60631
60633
60640
60654
60655
60658
60674
60675
60683
60687
60690
60698
6070
60706
60710
60714
60726
60734
60740
60742
60745
60746
60748
6075
60750
60759
60766
60771
60777
60781
60782
60785
60787
60788
60789
60792
60804
60811
6085
60852
60873
60882
60891
609
60920
60922
60928
6093
60945
60956
60958
60963
60965
60966
60967
60969
60970
61
61000
61009
6101
61063
61082
61084
611
61110
61119
61124
61142
61149
61156
61160
61173
61178
61182
61187
61195
612
61231
61239
6124
61248
61255
61266
61274
61275
61285
61303
61315
61327
61328
61334
6134
61340
61368
61371
61383
61386
61389
61391
61407
6141
61410
61422
61433
61443
61445
61466
61479
61481
61491
61494
61505
61506
61511
61518
61524
61526
61528
61529
6153
61536
61543
61549
61564
61577
61578
61579
61581
6159
61594
616
61600
61601
61602
61604
61614
61616
61618
61620
61622
61633
61647
6165
61658
61666
61668
6167
61672
61690
61697
61698
617
61712
61716
61719
61725
61733
61737
61742
61746
61754
61769
61775
61787
61793
61796
61809
61813
61824
61826
61828
61839
6184
61841
61852
61855
61858
61859
6186
61861
61867
61878
6188
61885
619
61913
61915
61916
61921
61923
61937
61953
61959
61960
62
62054
62058
62060
62071
62082
62092
62096
621
62100
62126
62131
62140
62141
62147
62153
62154
62159
62160
62161
62167
62170
62173
62176
62177
62179
62182
62183
62186
62187
62213
62222
62228
62237
62241
62245
62249
62250
62254
62255
62257
62263
62269
62271
62275
62286
623
62308
62311
62313
62314
62315
62317
62319
62320
62321
62330
62340
62347
62358
62359
62367
62371
62374
62375
62386
62389
62391
62392
62395
624
62407
62408
62411
62418
62422
62429
62430
62434
62437
6248
62480
62483
62484
62485
62491
62495
625
62511
62518
62519
62540
62550
62559
62561
62562
62563
6257
62571
62572
62576
62577
626
62607
62608
62609
62626
62628
62629
62635
62636
62649
62656
62659
62660
62667
62668
62671
62674
62686
627
62722
62728
62732
62738
62741
62753
62781
62822
62838
62839
62843
62864
62870
62887
62890
62891
62896
629
62902
62906
62910
62916
62917
62922
62929
62940
62945
62952
62956
62960
62961
62965
62973
62975
62976
6298
62981
62990
62998
630
63001
63005
63006
63007
6301
63013
63016
63029
63033
63034
63036
63043
63046
63052
63063
63071
63072
63073
63077
63078
63086
63089
63093
63095
63098
631
63108
63109
6311
63116
63119
63120
63141
63154
63155
63165
63169
63171
63178
63179
63180
63182
6319
63191
63194
63204
63205
63211
63219
63232
63234
63235
63247
63248
63250
63252
63255
63259
63262
63280
63285
63287
63297
633
63301
63302
63307
63315
63317
63322
63343
63345
63346
63347
63350
63352
63354
63357
63358
63360
63361
63364
63366
63369
6337
63384
63390
634
63409
63416
6342
63426
63427
63431
63439
63443
63453
63460
63464
63468
63474
63477
63488
6349
63494
63511
63521
63524
63526
63538
63544
63557
63560
63570
63571
63579
63586
63589
63593
63595
63599
6360
63603
63604
63608
63609
63619
63628
63636
63637
63638
63644
63654
63661
6367
63673
63676
63680
63682
63684
63697
63699
63702
63710
63711
63728
63729
63736
6374
63751
63752
63753
6378
63785
6379
63791
63793
63801
63807
63808
63809
6381
63823
63833
63837
63838
63842
63844
63849
63852
63858
63862
63865
63868
63871
63874
63877
63898
639
6390
63900
63903
63911
63915
63923
63930
63932
63944
63947
63950
63955
63961
63963
63964
63966
6397
63970
63971
63975
63987
63988
63990
64
640
64007
64014
64015
64016
64021
64024
64026
64036
64038
64040
64057
64059
64094
64095
64099
641
6410
64109
64113
64123
64124
64148
64154
64171
64175
64176
64177
64179
64196
6420
64202
64208
64209
64210
64211
64216
64224
64231
6425
64256
64265
6429
64298
643
64300
64308
64319
64320
64321
64324
64326
64327
64332
64336
64346
64370
64373
64374
64375
64381
64383
64385
64393
644
64407
6442
64445
64446
64450
64465
64474
64479
6448
64486
64489
64494
64496
64498
645
6451
64511
64512
64513
64521
64522
64531
64540
64542
64544
64548
6456
64574
64579
64586
64591
64595
64607
64608
64615
6463
64637
64638
64639
64647
6465
64655
64659
6466
64665
6467
64676
64682
64684
64686
64691
64694
647
64701
64706
64725
64727
64735
64736
64737
64742
64745
64746
64748
64763
64767
64768
64779
64798
64805
64813
6482
64823
64826
64828
64834
64838
64845
64847
64854
64858
64866
6488
6489
64899
64905
64914
6492
64921
64924
64937
64941
64954
64957
64968
64975
64979
64981
64987
64988
64998
650
65003
65004
65006
65012
65015
65016
65027
65030
65032
65033
65036
65049
6505
65058
65062
6507
65074
65078
65079
65081
65083
65084
65085
65086
65094
651
65100
65110
65124
6513
65138
65139
6514
65142
6515
65168
65169
65173
65174
65176
65199
652
65200
65211
65223
65237
65247
65248
65252
65263
65287
65289
65291
653
65325
65328
65332
65338
65341
65352
65353
65362
65364
65378
65383
65387
65390
65400
65434
65439
65457
65461
65465
65482
65483
65490
65491
655
65502
6552
65525
65526
6554
65555
65561
65563
6557
65570
65572
65574
65575
65578
65581
65589
65594
65602
65616
65619
6567
6568
65685
6569
65699
6570
65703
65707
65710
65713
6574
65752
65755
65756
65766
65769
65778
65780
65782
65786
65791
658
65800
65807
65809
6581
65811
65817
6582
65824
65826
65827
65829
65834
65841
65853
65856
65858
65863
65872
65873
65879
65881
65898
65906
65910
65912
65916
65918
6593
65939
65940
65948
65949
6595
65963
65967
65970
65971
65986
65992
65995
65996
66
660
66009
6601
66012
66013
66014
66017
66021
66025
66027
6603
66034
66036
66041
66043
66045
66047
66052
66054
66056
66060
66069
6611
66130
66133
66135
66145
66146
66153
66157
66161
66163
66169
6617
66170
66171
66178
66180
66182
66184
66187
66197
662
66200
66201
6621
66219
6622
66221
66227
66241
66244
66250
66252
66258
66259
66265
6627
66277
66278
66281
66282
66287
66299
66301
66307
66309
66326
66327
66339
66340
66342
66343
66350
66352
66365
66372
66375
66376
66378
66381
66383
66387
66391
66397
66398
664
66401
6641
66419
66423
66426
66427
66429
66430
66432
66438
66441
66447
6645
66466
66475
66483
66487
66488
66490
66492
665
66500
66503
66504
66513
66516
66517
66522
66529
6653
66531
66538
66539
66540
66544
66549
66550
66563
66577
66588
66595
66599
6660
66608
66614
66619
66627
66628
66629
66643
66652
66654
66660
66663
6667
66674
66676
66697
667
66700
66712
66716
66720
66723
66738
6674
66749
66755
66758
66763
66766
66768
66769
66777
66784
66794
66814
66815
66821
66840
66850
6687
66878
66881
66887
66888
66891
669
66900
66906
66910
66919
66924
66925
66927
6693
66933
66934
66935
66943
66947
66948
66962
66964
6698
66993
66996
67005
67008
67011
67016
67017
67029
6703
67056
67057
6706
67060
67061
67069
6708
67080
67091
67092
67095
67098
67099
67114
67116
67123
67125
67126
67136
67140
67147
67159
67168
6717
6719
67196
67204
67211
67231
67232
67238
67243
67249
67260
67265
67269
67272
67276
67281
67282
67287
67289
6729
67299
67303
67314
67326
67328
67331
67334
67336
67349
6735
67351
67367
67370
67372
67375
67377
67392
67396
674
67404
67411
67418
67420
67421
67423
67428
67441
67442
67447
67449
67458
67469
67470
67477
67492
67495
67502
67504
67511
67514
67521
67524
6753
67530
67532
67540
67546
67547
67549
67565
67572
67577
67578
67580
67584
67585
67605
6761
67612
67614
67624
67625
67629
67638
67640
67655
67662
67668
67673
67678
6768
67683
67685
67687
67696
67716
67726
67730
67732
67737
67748
67753
67758
67760
67767
67768
67775
67777
6778
67782
67790
67793
67799
678
67803
67805
67815
67817
67824
67836
67837
67838
67839
6784
67855
67858
67860
67869
67880
6789
67895
67898
67905
67906
67911
67912
67918
67921
67926
67947
67950
67952
67956
6796
67960
67962
67963
67965
67966
67967
67997
67999
680
68007
68008
68010
68021
68029
6803
68033
68039
68046
6806
68061
68063
68065
6808
68082
68094
68095
681
68102
68107
68108
6811
68110
68111
68115
68116
68123
68131
68133
68137
68140
6815
68158
68159
68163
68178
68183
68184
68187
68197
68198
682
6820
6822
6824
68243
68260
68261
68262
6827
68270
68282
6829
68301
68303
6831
68321
68325
68330
68331
68334
68338
68345
68346
68350
68358
6836
68363
68364
68366
68370
68378
68382
68389
68391
68396
68397
68398
68400
68401
68403
6841
68413
68420
68427
68433
68434
68442
68443
68445
68446
68447
6845
68450
68454
68458
68460
68465
68472
68473
68474
68479
68487
68495
68503
68517
68519
68521
68526
68532
68538
68544
68562
68570
68574
68577
68583
6860
68600
68602
68609
68610
68615
6862
68623
68631
68634
68635
68636
68643
68644
68655
68657
6866
68663
68667
68680
68685
68687
68706
68708
68716
68718
6872
68723
68724
68726
68730
68732
68736
68739
68741
68744
68747
68752
68775
68776
68780
68782
68789
68801
68806
68818
68820
68838
6885
68850
68852
68853
68864
68867
68883
68887
68888
68890
68895
68896
68897
689
6890
68906
68917
6892
68936
68939
68946
68951
6896
68960
68961
68964
68969
68970
68973
68974
68978
68987
68990
68997
69008
69009
69010
69017
69026
69028
69029
69037
69042
69044
69046
69050
6906
69066
69067
69070
69075
69079
6908
69082
69083
69088
69094
69099
6910
69100
69103
69113
69114
6912
69125
69132
69135
69136
69140
69141
69146
69149
69160
69166
69169
69173
6918
69186
69189
69191
69192
69193
69196
69202
69209
69217
69227
6923
69231
69232
69233
69255
69258
69261
69272
69275
69278
69279
693
69303
69304
6932
69324
69329
6933
69341
69342
69345
69364
6937
69373
6938
69382
69385
69386
69390
69391
694
6940
69402
69408
69409
69416
69417
69421
69427
69430
69438
69439
69444
69449
69456
6946
69462
69463
69464
69480
69489
69490
69492
6950
69505
69506
69509
69526
69528
69531
6955
69552
69555
69561
6957
69570
6958
69589
69593
69594
69596
69598
69606
69619
6963
69632
69643
69647
69650
69654
69655
69658
6966
69667
6967
69671
69679
69681
69682
69684
6970
69701
69702
69703
69704
69710
69719
69723
6973
69731
69743
69744
69747
69759
69761
69782
69798
69799
698
69803
69811
69818
69819
69843
69844
69845
69849
69854
69856
69857
69866
69867
69871
69886
69887
69890
69892
699
69900
69901
69905
69910
69911
6992
69921
69927
69935
69940
69944
69947
69948
69953
69954
69957
69958
69968
69972
69974
70
7000
7004
7007
70070
70077
70079
70081
70084
70095
70098
7010
70100
70101
70114
70115
70118
70119
70122
70125
70126
70131
70132
70143
70146
7015
70153
70154
70155
70157
70174
70186
70230
70235
70253
70261
70262
7027
70273
70276
70285
70288
70290
70292
70304
7031
70310
70316
70319
70325
7033
70330
70343
70375
70388
70397
704
7040
7041
70413
70415
70416
70418
70427
70433
70437
70445
7045
70451
70467
70468
70487
70496
70505
70506
70508
7052
7053
70533
70549
7056
70560
70566
70567
70569
70571
70580
706
70601
70603
70605
70608
70609
70612
70615
70616
70622
70626
7063
70631
70636
70639
7064
70646
70649
70672
70674
70675
70680
7069
70690
70693
70697
707
70701
7071
70718
70721
70723
70725
70726
70732
70733
70740
70746
70747
70756
7076
70763
70781
70785
70788
70791
70795
70805
70813
70823
70835
70837
7084
70859
70861
70866
70867
70869
70874
70876
70877
70882
70886
70891
70901
70902
70912
70915
70923
70925
70929
70931
70934
70938
70939
70943
70954
70956
70960
70964
70966
7097
70971
70973
70978
70979
70982
70990
710
7100
71002
71013
71021
71034
71035
71037
7104
71041
71042
71043
71044
71045
71054
71056
71057
71069
71082
71086
71091
711
71100
71114
71115
71116
71118
7113
71130
7115
71154
71160
7117
712
71207
71227
71231
71239
71240
71248
71250
71260
71291
71309
71310
71312
71326
71331
71334
71337
71346
71369
71370
71391
71392
714
71403
7141
71437
7144
71456
71457
71463
71465
71469
71479
7148
715
71500
71502
71503
71504
71511
71513
71520
71526
71528
7153
71550
71552
71557
7156
71570
71572
71579
71580
71581
71582
71589
71591
716
71616
71628
71634
71637
71667
71689
71692
71697
717
7170
71701
71704
71705
71712
71715
71718
71722
71723
71727
7173
71740
71746
71750
71753
71791
71792
71795
71797
71800
71804
71806
71823
71824
71826
71829
71841
71856
71859
71865
71868
71870
71874
71875
71876
71882
71885
71889
71890
71892
71895
71907
7191
71910
71924
71925
7193
71930
71931
71932
7194
71947
71964
71976
7198
71982
71983
71984
71992
72000
72001
72009
72038
72044
72053
72054
72055
72056
72064
72068
72085
72092
72098
721
72106
72108
72114
72134
7214
72147
72151
72155
72158
72174
72184
72192
722
7220
72202
72203
72216
7223
72235
72238
72244
72252
72266
7227
72271
72273
72277
72282
72288
7229
72290
72293
72297
72302
72305
7232
72321
72322
72329
72335
72358
72362
7237
72373
72376
72377
72387
72390
724
7241
72414
7243
72431
72435
72438
72441
72442
72443
72448
72456
72457
72467
72473
72474
72477
72480
72481
72483
72489
72497
72500
72501
72504
72507
72508
72510
72514
72516
72517
72521
72523
72524
72526
72527
72528
72529
72548
72553
72556
72561
72577
72584
72591
72596
726
72602
72603
72617
72618
72622
72626
72643
72652
72653
72670
72688
72689
72697
72699
72702
72722
72739
72749
72755
72759
7276
72776
72785
7279
72793
728
72801
72803
72806
72807
72808
72810
72811
72813
72815
72839
72850
72851
7286
72864
72869
72878
7288
72887
72892
72895
7290
72904
72906
72908
72911
72942
72944
72950
72951
72954
7297
72970
72972
72988
72989
72991
73007
73008
73015
73020
73040
73047
73054
73056
73066
73071
73078
7308
73086
73097
73102
73103
73110
73115
73117
73121
73122
73123
73133
73138
7315
73150
73155
73157
73158
73163
73166
7317
73176
73179
73182
73187
73193
73194
73198
73199
73204
73213
73216
7322
73222
73229
7323
73242
73245
7326
73273
73278
73283
73285
73291
73295
733
73300
73303
73307
73329
73334
73337
73340
73345
73350
73352
73354
73362
73363
73389
73394
734
73413
73417
7342
73421
73425
73432
73437
73443
73444
73455
7346
73466
73474
73499
735
73500
73504
73509
73513
73519
7352
73528
73529
73534
73535
73541
73546
73548
73549
73553
73555
73556
73559
73566
73568
73572
73576
73577
73583
73588
7359
736
73616
73622
73623
73636
73639
7364
73640
73644
73647
73659
73665
73668
73675
73677
73681
73688
73698
73705
73710
73712
73713
73716
73723
73735
73736
73740
73743
73753
73754
73756
7376
73761
73766
73769
73774
73778
73780
73782
73783
73789
73792
73794
73797
738
73800
73808
73809
73812
73817
73822
73833
73835
73839
73842
73852
73853
73857
73868
73875
73878
73882
73885
73894
739
73907
73917
73923
7393
73942
73950
73952
73964
73976
7398
73992
74
7400
7401
74016
74028
74033
74035
74036
74043
74044
74045
74058
74060
74068
74069
74072
74076
74077
74078
74086
74087
7409
74092
74093
74094
74095
74098
741
74107
74109
74111
74118
74119
74121
74133
74141
74151
74157
74176
74183
7419
74191
74194
74197
742
74202
74206
7421
74210
74218
74224
74237
74241
74248
74249
74251
74255
7426
74277
74285
74304
74306
74310
74313
74315
74317
74329
74345
74349
74350
74353
74366
74379
74380
74387
74388
74392
74403
74409
7441
74411
74418
74427
74432
74433
74439
74445
74447
74448
74454
74458
74460
74469
74471
74482
74488
74506
74522
74525
74531
74534
74539
7454
74549
74553
74557
74561
74562
74567
74568
74577
74581
74596
74597
74599
746
74600
74608
74616
74617
74619
74624
74625
74627
74630
74639
74646
74647
74651
74656
74667
74668
74676
74677
74684
74689
74690
74691
74692
74717
74718
74729
74734
74742
74747
7475
74750
74757
7476
7477
74772
74776
74793
74794
74797
74799
748
74812
74815
74817
74820
74825
74828
74829
74840
74843
74845
74851
74853
74855
74859
74866
74875
74877
74878
7488
74886
74889
74894
74895
74898
7490
74910
74912
74913
74918
7492
74927
74930
74936
7494
74946
74947
74948
7495
74952
74956
74957
74961
7497
7498
74982
7499
74994
75
750
7500
75003
75004
75005
7501
75027
7504
75041
75049
75051
75054
75056
75058
75062
75070
75072
75092
75094
751
75102
75105
75110
75116
75118
75122
75123
75127
75137
75142
75147
75155
75159
75162
75173
75178
75180
75181
75188
75190
75198
752
75216
7522
75220
75230
75232
75233
75242
75245
75247
75248
75257
75261
75263
75264
75265
7527
75270
75279
75289
7529
75290
75296
75298
753
75313
75337
75338
7534
75342
75346
75354
75361
75367
75378
75382
754
75400
75403
75406
75414
75416
75419
75421
75428
75434
75436
75437
75440
75441
75443
75444
75445
75450
75453
75465
75466
75468
7548
75487
75488
75489
75490
75493
75503
75508
75515
75519
75528
75529
7555
75552
75554
75558
75560
75562
75575
75580
75583
75584
75586
75596
7560
75601
75602
75607
75613
75617
75618
75623
75625
75627
75628
75631
75633
75634
75660
75661
75664
75668
75674
75678
75680
75682
75692
75694
7570
75706
7571
75712
75714
75721
75729
75730
75731
75737
75739
75746
75747
75754
75755
75756
7576
7577
75770
75771
75778
75782
75793
75795
75801
75809
75811
75820
75821
75826
75827
75832
75846
75859
7586
75862
75864
75866
75869
75871
75874
75875
7588
75885
75886
75887
75901
75904
75905
75910
75913
75915
75921
75922
75923
75927
75928
75936
75937
75943
75949
75956
75957
75958
75960
75962
75963
75972
75973
75974
75975
75976
7598
75984
75987
75998
76
760
7600
76009
7601
76038
7604
76040
76049
76052
76055
7606
76087
761
7610
76106
76108
76112
76121
76122
76126
76127
76128
76131
76134
76140
76155
76157
76158
76159
7616
76166
76174
76198
762
76209
76221
76223
76227
76228
7623
76232
76236
76248
76251
76259
76260
76264
76280
76293
76298
763
76301
76304
76313
76314
76315
76317
76322
76323
76333
76334
76342
76347
76356
76362
76368
76376
76378
76388
76394
764
76407
76428
76431
76436
76438
76442
76443
76445
76449
76450
76452
76456
76459
7646
76461
76476
76499
76510
76517
76524
76527
76532
76538
76543
76575
76588
76595
76610
76612
76620
76627
76630
76634
76642
76643
76644
76649
7666
76668
7668
76685
76687
76693
76697
76700
76701
76702
76704
76707
76721
76726
76732
76733
76735
76736
76737
76738
76743
76750
76756
7676
76761
76768
76774
76779
7678
76791
76795
768
76800
76812
76847
76856
76862
76864
76872
76874
76877
76880
76882
76887
76890
7690
76901
76903
76914
76915
76916
76928
76930
76932
7695
76957
76958
76968
7697
76970
76971
76980
76984
76986
7699
76993
76998
77
77006
77017
77020
77023
77027
77029
77040
77043
77047
77050
77051
7706
77060
77062
77098
77106
77108
77109
7711
77114
7712
77128
7713
77132
77136
77147
7715
77150
77157
77160
7718
77190
77197
77203
77207
77214
77227
77231
77234
77240
77245
77252
77265
77271
77277
77278
77282
77284
77289
77291
773
77303
77305
77338
77339
77346
77351
77354
77377
77381
77408
77415
77416
77432
77442
77447
77448
77467
77470
7748
77498
77502
77505
77506
77527
7753
77578
77584
77590
77591
776
77618
77629
7763
77673
77681
77683
77688
777
7770
77704
77710
77720
77723
77726
7773
77731
77734
77750
77758
77760
77774
77788
77789
77802
77838
77842
77857
77861
77876
779
77900
77904
7792
77925
77941
77953
77959
77985
77987
77988
7799
78
78000
78001
78007
78013
78015
78040
7805
78056
78059
78062
78070
78073
78108
78118
78122
78127
78129
78131
78134
78137
78138
78146
78148
78149
78154
78159
7816
78164
78166
78176
78177
78180
78185
78186
78196
78197
78199
782
78202
78207
78209
7821
78222
7823
78236
78239
78247
78248
78249
7825
78251
78253
78255
78273
78275
78277
78279
78280
78297
78310
78344
78364
784
78405
78409
7841
78411
78412
78415
7842
78430
78443
78444
7845
7846
78465
78479
78484
78498
78529
78535
78537
7855
78565
78571
7859
7860
7863
78659
7866
78664
7867
78689
7870
78710
78719
78721
78733
7874
78743
78744
78746
78748
7875
7877
7878
78793
788
78805
78806
7881
78813
78825
7883
78835
78839
7884
78841
78842
78843
78846
7885
78850
78861
78863
78865
78872
78873
7888
78880
78890
78894
78899
78902
78911
78912
78913
78917
7893
78931
78969
78970
78972
78997
79
790
79002
79003
79010
79017
79027
79036
79038
79053
79054
79056
79057
79060
7907
79070
7908
7909
791
7911
79122
79133
79141
7915
79156
79161
79172
79198
792
79203
79207
79216
79218
79221
79227
79236
79244
79248
79281
79284
79290
79291
79292
79306
79308
79316
79319
79324
79327
79331
79341
79343
79348
79358
79371
79373
79374
79375
79377
79388
79397
79404
79407
79414
79420
79428
79429
79448
79449
79463
79471
79473
79475
79482
79496
79500
79507
79510
79515
79518
79521
79556
79557
79563
79583
79595
79610
79612
79613
79626
79627
79646
79649
79652
79657
79667
7967
79680
79683
79687
79696
79718
79719
7972
79722
79723
79726
79730
79737
79738
79740
79741
79742
79744
79749
79754
79756
79760
79771
79773
7978
79782
79783
79793
79795
79799
798
79806
79811
79814
79819
79821
79830
79831
79845
79847
79848
79852
7986
79867
79868
79869
799
7992
79920
79921
79949
7998
79980
7999
79991
800
80001
8001
80012
80026
80027
80029
80030
80035
80040
80042
80044
8005
80065
80068
80072
80088
80113
80115
80122
80131
80135
80139
8014
80140
80141
80144
80145
80146
80147
80149
8015
80157
80160
80165
8017
80173
80174
80180
80181
80182
80183
80191
80197
80208
80210
80215
80226
80227
80230
80233
80237
8024
80241
80244
80257
80258
80260
80267
80268
80269
80275
80278
80279
8028
80280
80281
80286
8029
80294
80295
80297
803
80306
80308
80315
80321
80328
80330
80331
80335
8034
80344
80357
80358
8036
80360
80364
80368
8037
8038
80380
8039
804
8044
80446
80448
80452
80457
80463
80471
80482
80486
80492
80494
80510
80541
8056
80562
80563
80566
80567
80578
8058
80586
80593
80596
80598
80599
806
8060
80602
80603
80608
8061
80610
80614
80615
80624
80628
80638
80644
80645
80647
8065
80667
8067
80671
80678
8068
80682
80685
80709
8071
80719
80725
80727
8075
80756
80757
80760
80782
80783
8079
80792
80793
80798
80799
808
80818
8084
80856
80857
8086
80875
80876
80879
80886
80898
80900
80913
8092
80922
80923
8093
80930
80932
80949
80950
80951
80955
80959
8096
80960
80963
80971
80978
8098
80981
80985
80992
80997
81
8101
81010
81019
81033
81035
81038
81041
81045
81048
81053
81056
81060
81063
81064
81065
81069
81072
81078
8108
81086
81088
8109
81090
81091
81093
81104
81105
81107
81110
81114
81118
81125
81126
81129
8113
81130
81133
8114
81153
81163
81166
81168
81171
81172
81173
81176
81179
81180
81181
81184
81186
812
8121
81213
81227
81236
81239
81240
81244
81246
81253
81255
81257
81261
81262
81268
8127
81270
81277
81280
81283
81284
81295
8130
81300
81316
81319
81323
81324
81329
81332
81338
81343
81351
81360
81364
81366
81370
81371
81373
81377
81396
81399
8140
81403
81405
81407
81413
81424
81432
81437
81439
81448
8145
81451
81456
81458
81467
81469
81475
81477
8148
81480
81481
81483
81484
8149
81490
81492
81502
81506
81508
81512
81513
81517
81518
81521
81524
81529
81535
8154
81541
81546
81548
81549
81550
81553
81558
81560
81562
81565
81570
81584
81585
81586
81587
81590
81591
81596
816
81620
81622
81626
81629
81634
81647
81650
81659
81663
81665
81666
8167
81675
8168
81691
81696
81699
817
81702
81708
81710
81713
81719
81720
81721
81724
81726
81740
81745
81750
81756
81766
81767
81768
81769
81779
81782
81790
81799
818
81819
81829
81840
81841
81843
81848
81853
8186
81860
81866
8187
81870
81873
81874
81884
81887
8189
81892
81893
81895
819
8191
81911
81912
81921
81933
81937
8194
81957
81963
81965
81968
81974
81975
81989
81992
81994
81996
81997
82
820
82001
82003
82007
82009
82014
82016
82026
8203
82030
82032
82035
82036
82054
82055
82075
82085
82096
82098
82106
82107
82111
82112
82121
82126
82135
82143
82144
82175
82176
82188
82190
82193
82195
82197
82199
822
82204
82206
82210
82233
82241
82247
82248
82257
82269
82281
82285
82305
82308
82318
82320
82336
82339
8235
82353
82361
82362
82363
82392
82395
82398
824
82411
82412
82417
82427
82433
82436
82446
82469
82478
82479
8249
82497
825
82507
82513
82520
82530
8255
8256
82568
82573
82574
8261
82614
82617
82621
82629
82634
82641
82648
82670
82690
82693
82694
82696
827
82708
82709
82710
82714
8272
82720
82727
8273
82751
82759
82760
82764
82772
82778
82781
82783
82801
82802
8281
82813
82816
82817
82818
82822
82825
82826
82828
82830
82841
82857
82860
82865
82879
8288
82883
82884
82886
8289
82899
829
82901
82911
82925
82927
8293
82938
82942
82944
82948
82951
82955
82961
82967
82975
82978
82980
82985
8299
82993
82999
83
830
83002
83006
8301
83013
83017
83021
8303
83030
83032
83042
83044
8305
83051
83054
83058
8306
83060
83062
83065
83072
8308
83084
83099
831
83105
83112
83126
83134
83145
83147
8315
83152
83169
83171
83172
83174
83178
8318
8319
83194
83205
83207
83225
83227
83239
83246
83254
83255
8326
83261
83272
83273
83274
83282
83283
83287
83288
83295
83298
83303
83310
83311
83316
83327
83328
83336
83338
83345
83353
83358
83361
83378
83381
83392
83396
834
83407
83409
83411
83415
83416
83417
83423
83430
83431
83434
83441
83459
83476
83477
83491
83498
835
83507
83511
83517
83525
83529
8353
83535
83556
83557
83568
83570
83576
83582
83584
83586
83587
8359
83591
83592
83594
83597
83600
83604
83616
83635
83641
83643
83656
83662
83663
83665
83671
83673
8368
83684
83686
83688
83692
83698
837
83706
83707
8371
83714
83722
83724
83730
83739
8376
83779
83780
83784
8379
83792
83795
83797
83798
83802
83818
83828
83830
83831
83832
83857
83859
83861
83866
83867
83870
83880
83886
83893
839
83904
83906
8391
83912
83916
83927
83928
83929
83931
83933
83939
83948
83953
83958
83960
83963
83966
83969
8397
83981
83990
83991
83992
83998
84
840
84004
84021
8403
84030
84035
84039
84048
84051
84069
84072
84084
8410
84119
84130
84133
84148
84154
84160
84224
84225
84227
84229
8423
84234
8424
84245
84246
84250
84258
84274
8428
84280
8429
84297
843
84324
84325
8433
84336
8434
84341
84347
8435
84357
84365
84368
84375
84382
84383
84395
84397
84399
844
8441
84413
84417
8442
84424
84425
84426
84427
84432
84433
84434
84436
84439
84450
84458
84474
84479
84481
84497
845
84502
84505
84507
84522
84525
84526
84527
84528
84535
84539
84548
84557
84558
84564
84573
84575
84577
8458
84580
84583
84584
84587
84595
84599
8460
84600
84604
84606
84613
84616
84623
84627
8463
84630
84634
8464
84641
84653
84673
8468
84684
84695
84696
84708
8472
84740
84761
84772
84774
84776
84783
84784
848
84803
84804
84813
84819
8482
84822
84825
8483
84832
84844
84846
84853
84864
84866
84868
84880
84882
84883
84893
84894
84907
84908
84914
84919
8492
84921
84923
84941
84948
84951
84952
84959
84960
84975
8498
84980
84988
84993
84994
84998
850
85016
85025
85027
85031
85036
85038
8504
85040
85044
85047
85053
85059
85060
85077
8508
85091
85093
8510
85117
85118
85130
85131
85134
85144
85146
85147
85150
85173
85182
85189
85200
85205
85206
85208
85217
85238
8524
85241
85242
85244
8525
8526
8527
85271
85272
85273
853
8531
85311
85323
8533
85330
85337
85340
85342
85343
85346
85385
85386
85390
85392
85398
85399
854
85402
85407
85409
85410
85417
85418
85424
85431
85442
85444
85467
85469
85474
8549
85490
85492
85500
85505
85511
85514
8552
85521
85524
85533
85544
85548
8556
85563
85571
85572
85573
85577
85580
85588
85589
85595
85596
8560
85624
85625
8563
85644
85650
85658
85673
85677
85679
85688
85690
857
8570
85706
8571
85716
85729
85732
85735
85737
8574
85741
85745
85747
85748
8577
85775
85777
85787
85790
85797
85805
85808
8581
85812
85819
85830
85832
85836
8584
85842
85843
85846
85848
85854
85859
85862
85865
85874
85879
8588
85881
85882
85885
85888
85890
85897
859
85902
85906
8591
85914
8592
85920
85927
85929
85931
85939
8594
85940
85941
8595
85950
85962
8597
85976
8598
85985
85998
86
860
86018
86023
86034
86047
86049
86050
86055
86056
86057
86058
86061
86082
86108
86117
86128
8613
86148
86164
86170
86200
86206
8621
86228
86229
86231
86235
86238
8624
86242
86249
8625
86251
86252
86253
86256
86257
86258
86259
86265
86266
8627
86282
86286
86288
8629
86294
86296
86298
86301
8631
86312
86315
86316
86319
8633
86333
8634
86340
86346
86348
86352
86354
86358
86362
86365
86374
86384
86389
86395
86396
864
86403
86414
86415
86425
86428
86430
86436
86437
86440
86441
86446
86448
86454
86456
86460
86463
86464
86469
86482
86484
86487
86488
86489
86491
865
86507
86509
86511
86513
86516
86520
86526
86527
86528
86532
86536
86547
86553
86559
86573
86576
86586
86607
86617
86638
86643
86657
86658
86660
86686
86690
86696
867
86702
86704
86707
86716
86718
86719
86727
8676
8677
8678
86790
86813
86815
86816
86833
86834
86839
86844
86861
86866
86934
86936
86978
86984
86985
86988
86989
86993
87006
87008
87013
87019
87026
87028
87030
87033
87035
87042
87047
8705
87057
87062
87078
87102
87108
87121
87133
87137
87156
87161
8717
87179
87180
87184
87190
87191
87198
87199
872
87209
87214
87223
8723
87231
87236
87237
87238
87253
87259
87260
87261
87264
87271
87276
87279
87288
87291
87294
87299
873
87301
87305
87311
87321
87323
87325
87327
87330
87337
8734
87341
87349
87362
87366
87377
87380
87393
874
87402
8741
87417
87426
87428
87431
87435
87438
87439
87442
87444
87446
8745
87453
87469
87472
8749
8750
87505
87506
87507
8751
87511
87516
87525
87533
87534
87536
87542
87557
87559
87564
87565
87569
87573
87575
87581
87583
87584
87590
87600
87604
87613
87618
87622
87626
87628
8763
87633
87644
87649
87650
87655
87657
8766
87662
87665
87668
8767
87671
87680
87681
87687
87690
87692
87698
8770
87702
87706
87709
8771
87718
87719
87725
87727
87730
87732
87734
87735
87740
87746
87750
87756
87764
8777
87770
87779
87783
87792
87796
87797
87799
8780
87803
87805
87811
87816
87828
87836
87839
87843
87849
8785
87854
87888
87910
87915
87923
87925
87930
87933
87949
87961
87975
87976
87978
87984
87985
87987
88
880
8800
88003
88014
88023
88030
88032
88033
88041
88042
88046
88053
88063
88064
88066
8807
88076
88078
88083
88088
88089
88092
88095
88100
88118
8812
88124
88126
88127
8814
88149
88154
88158
88164
8818
88185
88186
88188
88197
88200
88207
88208
88209
88213
88215
88223
88235
88250
88257
88258
88259
88272
88276
88278
88284
88291
88295
88299
88302
8831
88315
88319
88322
88329
88331
88357
88365
88367
88371
88380
88383
88386
88389
88390
88395
8840
88401
88407
88419
88427
88442
88451
88469
88470
88475
88482
88506
88544
88550
88570
88595
88610
88613
88616
88622
88629
88638
88639
88640
88644
88646
88647
8865
88659
88660
88661
8867
88682
88686
88716
88719
88725
88731
88733
88742
88743
88758
8876
88760
88762
88765
88767
8877
88775
88778
88781
8879
88808
88809
88811
88815
88816
8882
88821
88831
88833
88835
88841
88842
88847
88851
88859
88863
88865
88866
88868
88869
8887
88870
88872
88877
88879
88880
88891
88895
889
88903
88908
88928
88929
88935
8894
88940
88941
88942
88956
88962
88968
88970
88981
88987
88994
88995
89
89006
89008
89017
8902
89024
89028
89030
89046
89048
89049
89053
89055
89058
89060
89061
89063
89068
89070
89073
89075
89085
89092
89093
89102
89106
89125
89134
89137
89140
89157
89163
89175
89178
89186
89193
8920
89205
89216
89226
89233
89240
89248
89250
89257
89259
89260
89264
89266
89272
89275
89277
8928
89282
89284
89289
89293
89298
89300
89301
89307
89308
8931
89310
89321
89323
89325
89328
8933
89335
89339
89341
89343
89345
89349
89353
89362
8937
89373
89374
89375
89378
89386
894
8940
89407
89408
89411
89412
89416
89424
89430
89432
89434
89441
89446
89463
89465
89476
89488
8949
89503
89511
89514
89516
89517
89520
89539
89541
89557
89585
89587
89598
89599
89603
89608
8961
89633
89644
89647
89648
89690
89705
89708
89710
89713
89714
89723
89727
89728
89729
89730
89731
89734
89738
89749
8976
89768
89777
89786
89789
89793
89799
898
89800
8983
89833
89837
89840
89843
89844
8985
89850
89853
89854
89856
89857
89860
89861
89871
89875
89878
89882
89899
8990
89905
89918
89931
89935
89938
89940
89943
89944
8996
89961
89995
9
90
900
90001
90004
90007
90011
90012
90013
90015
90031
90034
90042
90056
90057
90069
90078
90084
90086
90092
90096
90098
90104
90105
90108
90109
90112
90116
90117
90123
90125
9015
90150
90161
90168
90179
9018
90184
90200
90202
90203
9021
90214
90217
90221
90224
9023
90238
9024
90249
9025
90250
90254
90258
90260
90282
90283
90284
90286
90290
90293
90294
90299
9031
90322
90326
9033
90331
90337
90338
9034
90341
90342
90348
9035
9037
90370
90371
90377
90384
90389
904
90401
90417
90418
90430
90432
90435
90442
90456
9046
90475
90477
90480
90481
90484
90501
90505
90525
90543
90552
90562
90565
90568
90569
9057
90570
90575
906
90609
90610
90614
90616
90618
90619
9062
90625
90626
90642
90643
90652
90655
90659
90683
90687
90692
90706
90712
90738
90742
90747
90767
9077
90770
90772
90778
90783
90797
90798
908
90804
90806
90807
90811
90817
90819
9082
90820
90822
90827
90829
90838
90840
90847
90854
90855
90857
90859
90862
90865
90871
90876
90877
90882
90886
90890
90893
90894
90899
909
90908
90913
90915
90928
90951
90958
90964
90971
90979
90985
90988
90998
91
9100
91025
91027
91035
91037
91041
91043
91047
91050
91053
91057
91058
91065
91075
91084
91086
91087
91094
91096
9110
91103
91111
91117
91120
91125
91128
91129
9113
91144
91146
91153
91154
91161
91174
91177
91179
91184
91189
91228
91230
91233
91259
9126
91269
91271
91288
9129
91293
91299
913
91301
91302
91306
91311
91322
91328
9133
91334
91336
9134
91340
91343
91346
9135
91356
91361
91364
91365
91373
91374
91377
91387
91389
91403
91405
91408
91418
91421
91443
91447
91448
91453
91460
91466
91469
91472
91473
91479
91480
91484
91488
91495
91508
91511
91519
91520
91521
91524
91525
91531
91532
91534
91545
91552
91558
91569
91573
91575
9159
91595
91606
91617
91622
91625
91632
91637
91641
91643
91648
91653
91654
91658
91672
91673
91674
91675
9168
91687
91695
91699
91709
91715
91717
91721
91722
91723
91746
91749
9175
91762
9177
91776
91777
91781
91785
91787
918
91805
91806
91811
91814
91833
91839
91846
91848
91849
91860
91862
91877
91887
9189
91899
91904
91905
91906
91910
91924
91928
91933
91934
91936
91952
91957
91961
91962
91970
91973
91974
91990
91992
92001
92006
92008
92010
92013
92024
92028
92032
92039
92040
92046
92047
92050
92053
92068
92073
9208
92083
92084
92088
92097
92098
92108
92121
92124
92127
92128
92130
92131
92139
9214
92167
92178
92185
92198
922
9220
92206
92208
92212
92225
9223
92236
92238
92241
92260
92263
92269
92270
92274
92284
92294
923
92303
92316
92322
92323
92343
92350
92360
92371
92382
92388
92389
92390
92394
92398
92399
924
92401
92419
92420
92421
92447
92450
92455
92461
92465
92471
92479
92485
92488
92490
92494
92496
92497
925
92512
92522
92525
92534
92543
92549
92555
92560
9258
92587
92589
92590
92600
92601
92607
92612
92617
92619
92621
92635
92643
92646
92649
92658
9266
92680
92682
92687
9269
92731
92747
92751
92757
92761
92762
92764
92768
92772
92778
92781
92783
92789
92797
92817
92821
92834
92838
92839
92842
92843
92847
92850
92872
92881
92886
929
92900
92905
92923
92942
92944
92967
92980
92989
92992
92996
92999
93
930
93005
93019
93020
93032
93034
93037
93042
93045
93052
9307
93071
93072
93073
93075
93087
93088
93092
931
93105
93108
93117
93124
93125
93142
9316
93160
93170
93172
93178
9318
93195
93197
93198
93208
93210
93214
93219
9324
93254
93258
93261
93264
9327
93271
9328
93284
93294
9330
93300
93305
93309
9331
93310
93314
9332
93328
93329
93330
93333
93335
93337
93347
93350
93351
93355
93357
9336
93364
93368
93457
9346
93460
93475
93480
93482
93495
93496
93497
93501
93514
93522
93528
93529
93541
93544
93547
93548
93549
93551
93555
93558
93565
93570
93572
93574
93589
93598
936
93619
93620
93635
93645
93655
93661
9367
93670
93671
93673
93674
93682
93689
93706
93715
9373
93736
93738
93742
93745
93754
93761
93768
93774
93779
93780
93786
93793
93797
93801
93807
93824
93830
93831
93832
93836
9384
93844
93845
93848
93851
93853
93855
9386
93868
93871
93872
93878
93879
93900
93903
93905
9391
93933
93935
93938
93942
93946
93947
93958
93966
93970
93979
93980
93987
94
940
9400
94008
94012
94013
94017
94027
94038
94058
94060
94062
94065
94066
94067
94074
94076
94079
94083
94089
94092
941
94100
94105
94111
94135
94136
94138
94142
94143
94144
94145
94150
94151
94157
94159
94160
94169
94172
94173
94178
94182
94197
94206
94210
94218
94222
94223
94225
94230
94233
94237
94244
94262
94264
94270
94272
94287
94295
943
9430
94325
94331
94332
94341
94343
94348
94365
94369
94383
94387
94388
94390
94393
94395
94399
944
94413
94414
94418
94419
94426
94431
94436
94443
94449
94463
94467
94468
94470
94479
94486
94488
94493
945
94501
94507
94527
94539
94542
94543
94548
94552
94561
94565
94570
94575
94589
9459
94602
94628
94629
94630
94631
94632
94634
94640
94647
94657
94672
94674
94675
94681
94683
947
9471
94717
94718
94723
94724
9473
94732
94735
94739
94740
94743
94745
94756
94765
94774
94776
94782
94798
948
94801
94802
94803
94808
94817
94819
9482
94823
94824
94827
94828
94831
94835
94838
94841
94856
94862
94867
94870
94871
94872
94884
94887
94897
94899
94907
94909
94914
94922
94925
9493
94931
94934
94935
94937
94939
94944
94947
94950
94951
94952
94964
94968
94970
94972
94975
94977
94980
94988
94997
95
95001
95003
95008
95011
95013
95020
95025
95030
95033
95037
95038
95043
95046
95047
95049
95051
95074
95075
95078
95079
9508
95080
95089
95090
95095
95096
9511
95138
95139
95156
95159
95161
95164
95168
95169
95175
95176
95182
952
95205
95209
95214
95217
95221
95225
95233
95237
95238
95240
95245
95256
95259
95264
95271
95272
95276
95284
95294
953
9530
95300
95314
95316
95320
95323
95335
95345
95346
95347
95349
95351
95352
95355
95359
95372
95382
95387
95391
95392
95397
95398
95402
95409
95418
95436
95440
95456
95462
95469
95472
95473
95477
95484
95486
95490
95491
95496
95498
955
95501
95529
95534
95536
95545
95555
95557
95569
95570
95574
9558
95588
95589
95591
95594
95596
956
95602
95603
95604
95609
95610
95611
95620
95622
95646
95658
95660
95663
9567
95684
9569
95696
95697
95708
95722
95728
9573
95730
95732
95741
95742
95745
95746
95758
95762
95773
95780
9579
95790
958
95809
9581
95816
95819
95821
95826
95849
95850
95855
95874
95875
95895
95896
95897
95898
959
95916
95919
95920
95925
95927
95932
95935
95937
95938
9596
95965
95973
95975
95976
95977
95994
96
96001
96005
96022
96032
96056
96058
96061
96066
96078
96080
96083
96084
96085
96086
96099
96101
96107
96119
96122
96123
96125
96131
96132
96149
96151
96153
96166
96167
96173
96179
96182
962
9621
96226
9623
9625
96263
96268
96273
96277
96286
96290
96293
96296
963
96302
96317
96320
96324
96342
96343
96352
96356
96357
96358
96362
96365
96367
96372
96373
96375
96387
96391
96403
96407
96408
9641
96412
96421
9643
96442
96453
96458
96460
96462
96472
96474
96480
96482
96483
96486
96497
96498
96499
96507
96509
9651
96513
96523
96524
96525
96528
96529
96531
96533
96537
96538
96548
96550
96572
96575
96584
9659
96594
96595
96605
96606
9661
96610
96612
96617
96619
96620
96636
9664
96647
96649
9665
96653
96658
96665
96668
96674
96676
96683
96692
96697
967
96700
96718
96723
96724
96729
96733
96736
96746
96748
96749
96750
96753
96761
96762
96770
96776
96779
96785
96788
96793
968
96815
96818
96821
96836
96839
96841
96845
96847
96858
96860
96879
9688
96888
9689
96894
96899
96908
96912
96913
96915
9692
96929
96940
96948
96955
9696
96962
96969
96981
96987
96998
97
9700
97003
9703
97031
97059
97060
97061
97071
97080
97081
97082
97090
97096
9710
97114
97115
97117
97128
97147
97156
97159
97160
97170
97181
97183
97187
97189
97192
97193
97194
972
97200
97201
97204
97205
97208
97209
97217
97219
97220
97222
97223
97225
97231
97235
97238
9724
97244
97245
97255
97265
97272
97288
9732
97322
9734
97341
97347
97359
97362
97378
9738
9739
97395
97397
974
97404
97405
97408
97414
97420
97423
97438
9744
97440
97448
97461
97464
97469
97478
97480
97481
97489
97494
97497
97502
97510
97527
97532
97535
9754
97546
97555
97566
97577
97578
9758
97581
97593
97595
97596
97597
976
9760
97602
97612
97615
97628
9764
97649
97652
97669
97671
97672
97684
97685
977
97716
97723
97724
97729
97730
97731
97743
97745
9775
97760
97761
97764
97766
97770
97774
97779
97780
97782
97787
97789
97794
9780
97804
97814
97816
9782
97820
97826
97834
97835
97837
97838
97839
97853
97862
97869
97870
97874
97891
97892
97894
97898
979
97906
97909
97911
97913
9792
97920
97922
97927
97930
97948
97952
97958
9796
97964
97966
97969
97974
97983
97984
9799
97991
97994
97996
98
9800
98004
98019
98020
9803
9804
98045
98046
98055
98057
98060
98061
98062
98066
98069
98071
98072
98076
98080
98089
98090
98097
981
98103
98105
98108
98113
98115
98127
98137
98142
98146
98158
98161
98163
98167
98176
98182
98183
9819
98198
982
9820
98207
98209
98213
98219
98224
98225
98229
98234
98236
98237
98243
98245
98255
98265
98271
98273
98274
9829
98295
983
98301
98302
98312
98336
9834
98344
98346
98349
98353
98360
98364
98373
98377
98379
9838
98380
98384
98387
98394
98397
984
98413
98415
98427
98434
98438
98440
98451
98452
98455
98464
98465
9847
9849
98490
98499
985
98507
98518
9852
98523
98531
98538
98544
98545
98554
98555
9856
98562
98565
98569
9858
98581
98582
98585
98587
98588
98589
98598
98605
98607
98608
9861
98611
98613
98614
9862
98634
98643
98647
98653
98661
98667
98672
98678
9868
98683
98685
98687
98690
98692
98693
98694
98698
987
98708
9871
98714
98733
98738
98748
98750
98763
98765
98766
9877
98776
98784
98788
9881
98813
98824
98826
98835
98841
98845
98849
98850
98853
98857
9886
98864
9888
989
9891
98939
98945
98947
98960
98963
98964
98966
9897
98975
98976
98979
9899
98991
98992
98997
990
9900
99007
99009
99014
99019
9902
99061
99065
99069
99070
99071
99076
99082
99085
99087
99090
99094
99095
99099
991
99100
99108
99115
99130
99132
99134
99142
99148
99151
99152
99155
99160
9918
99185
99188
99204
99208
9922
99241
99247
99262
9927
99271
99284
99289
99294
99296
99304
99310
99311
99317
9932
99325
99337
99338
99341
99347
99352
99354
99368
99374
99378
99385
99386
99393
994
99406
99407
99410
99412
99414
99415
99416
99419
99429
99438
99439
99440
99446
99449
99462
99466
99470
99473
99482
995
99502
99511
99512
99515
99529
99537
99545
9955
99550
99557
9956
99562
99564
99566
99573
99578
99589
9959
99591
99597
996
99606
99609
99620
9963
99632
99633
99639
99641
99647
99648
99657
99659
9966
99663
99669
99678
99680
99686
99687
9969
997
99700
99708
99722
99723
99727
99731
99734
99736
9974
99752
99762
99769
99778
99779
99781
99784
99785
99790
99795
99796
99802
99808
9981
99813
99814
99817
99819
99824
99826
99831
99845
99850
99865
99884
99887
99889
99890
99893
99903
99905
99909
99912
99926
9994
99953
99959
99965
99969
99972
99973
99982
99988
9999
99990
99996